symbol,quantity,cost_basis,price,market_value,pnl,pnl_pct,date
NATIONALUM,4,1684.2,414.0,1656.0,-28.2,-1.67,2026-06-04
HINDCOPPER,3,1630.05,541.4,1624.2,-5.85,-0.36,2026-06-04
MCX,1,2896.7,2893.5,2893.5,-3.2,-0.11,2026-06-04
VEDL,6,1967.1,327.5,1965.0,-2.1,-0.11,2026-06-04
RBLBANK,5,1743.5,353.75,1768.75,25.25,1.45,2026-06-04
RBLBANK,5,1743.5,351.35,1756.75,13.25,0.76,2026-06-05
MCX,1,2896.7,2795.0,2795.0,-101.7,-3.51,2026-06-05
VEDL,6,1967.1,315.6,1893.6,-73.5,-3.74,2026-06-05
NATIONALUM,4,1684.2,395.7,1582.8,-101.4,-6.02,2026-06-05
HINDCOPPER,3,1630.05,526.35,1579.05,-51.0,-3.13,2026-06-05
NATIONALUM,4,1684.2,378.2,1512.8,-171.4,-10.18,2026-06-08
HINDCOPPER,3,1630.05,506.15,1518.45,-111.6,-6.85,2026-06-08
MCX,1,2896.7,2823.8,2823.8,-72.9,-2.52,2026-06-08
VEDL,6,1967.1,304.25,1825.5,-141.6,-7.2,2026-06-08
RBLBANK,5,1743.5,344.95,1724.75,-18.75,-1.08,2026-06-08
RBLBANK,5,1743.5,361.0,1805.0,61.5,3.53,2026-06-09
VEDL,6,1967.1,306.25,1837.5,-129.6,-6.59,2026-06-09
NATIONALUM,4,1684.2,383.9,1535.6,-148.6,-8.82,2026-06-09
HINDCOPPER,3,1630.05,519.6,1558.8,-71.25,-4.37,2026-06-09
MCX,1,2896.7,2824.8,2824.8,-71.9,-2.48,2026-06-09
NATIONALUM,4,1684.2,376.15,1504.6,-179.6,-10.66,2026-06-10
HINDCOPPER,3,1630.05,510.7,1532.1,-97.95,-6.01,2026-06-10
MCX,1,2896.7,2743.8,2743.8,-152.9,-5.28,2026-06-10
VEDL,6,1967.1,299.3,1795.8,-171.3,-8.71,2026-06-10
RBLBANK,5,1743.5,356.95,1784.75,41.25,2.37,2026-06-10
NATIONALUM,4,1684.2,370.6,1482.4,-201.8,-11.98,2026-06-11
HINDCOPPER,3,1630.05,499.25,1497.75,-132.3,-8.12,2026-06-11
MCX,1,2896.7,2778.8,2778.8,-117.9,-4.07,2026-06-11
VEDL,6,1967.1,304.9,1829.4,-137.7,-7.0,2026-06-11
RBLBANK,5,1743.5,359.1,1795.5,52.0,2.98,2026-06-11
RBLBANK,5,1743.5,365.85,1829.25,85.75,4.92,2026-06-12
MCX,1,2896.7,2853.0,2853.0,-43.7,-1.51,2026-06-12
VEDL,6,1967.1,309.65,1857.9,-109.2,-5.55,2026-06-12
NATIONALUM,4,1684.2,376.85,1507.4,-176.8,-10.5,2026-06-12
HINDCOPPER,3,1630.05,510.0,1530.0,-100.05,-6.14,2026-06-12
NATIONALUM,4,1684.2,381.55,1526.2,-158.0,-9.38,2026-06-15
HINDCOPPER,3,1630.05,524.95,1574.85,-55.2,-3.39,2026-06-15
MCX,1,2896.7,2855.0,2855.0,-41.7,-1.44,2026-06-15
VEDL,6,1967.1,305.45,1832.7,-134.4,-6.83,2026-06-15
RBLBANK,5,1743.5,372.35,1861.75,118.25,6.78,2026-06-15
NATIONALUM,4,1684.2,366.65,1466.6,-217.6,-12.92,2026-06-16
HINDCOPPER,3,1630.05,511.75,1535.25,-94.8,-5.82,2026-06-16
MCX,1,2896.7,2885.4,2885.4,-11.3,-0.39,2026-06-16
VEDL,6,1967.1,299.95,1799.7,-167.4,-8.51,2026-06-16
RBLBANK,5,1743.5,369.7,1848.5,105.0,6.02,2026-06-16
RBLBANK,5,1743.5,369.2,1846.0,102.5,5.88,2026-06-17
MCX,1,2896.7,2857.3,2857.3,-39.4,-1.36,2026-06-17
VEDL,6,1967.1,306.5,1839.0,-128.1,-6.51,2026-06-17
NATIONALUM,4,1684.2,370.0,1480.0,-204.2,-12.12,2026-06-17
HINDCOPPER,3,1630.05,515.2,1545.6,-84.45,-5.18,2026-06-17
NATIONALUM,4,1684.2,367.75,1471.0,-213.2,-12.66,2026-06-18
HINDCOPPER,3,1630.05,509.7,1529.1,-100.95,-6.19,2026-06-18
MCX,1,2896.7,2817.2,2817.2,-79.5,-2.74,2026-06-18
VEDL,6,1967.1,306.0,1836.0,-131.1,-6.66,2026-06-18
RBLBANK,5,1743.5,369.25,1846.25,102.75,5.89,2026-06-18
HINDCOPPER,3,1630.05,511.15,1533.45,-96.6,-5.93,2026-06-19
NATIONALUM,4,1684.2,376.0,1504.0,-180.2,-10.7,2026-06-19
MCX,1,2896.7,2803.8,2803.8,-92.9,-3.21,2026-06-19
VEDL,6,1967.1,300.8,1804.8,-162.3,-8.25,2026-06-19
RBLBANK,5,1743.5,378.85,1894.25,150.75,8.65,2026-06-19
MCX,1,2896.7,2870.4,2870.4,-26.3,-0.91,2026-06-22
VEDL,6,1967.1,305.85,1835.1,-132.0,-6.71,2026-06-22
NATIONALUM,4,1684.2,377.95,1511.8,-172.4,-10.24,2026-06-22
HINDCOPPER,3,1630.05,510.75,1532.25,-97.8,-6.0,2026-06-22
RBLBANK,5,1743.5,378.5,1892.5,149.0,8.55,2026-06-22
RBLBANK,5,1743.5,371.25,1856.25,112.75,6.47,2026-06-23
VEDL,6,1967.1,281.7,1690.2,-276.9,-14.08,2026-06-23
MCX,1,2896.7,2831.0,2831.0,-65.7,-2.27,2026-06-23
HINDCOPPER,3,1630.05,500.25,1500.75,-129.3,-7.93,2026-06-23
NATIONALUM,4,1684.2,355.4,1421.6,-262.6,-15.59,2026-06-23
NATIONALUM,4,1684.2,348.55,1394.2,-290.0,-17.22,2026-06-24
HINDCOPPER,3,1630.05,502.25,1506.75,-123.3,-7.56,2026-06-24
MCX,1,2896.7,2840.6,2840.6,-56.1,-1.94,2026-06-24
VEDL,6,1967.1,282.55,1695.3,-271.8,-13.82,2026-06-24
RBLBANK,5,1743.5,377.05,1885.25,141.75,8.13,2026-06-24
NATIONALUM,4,1684.2,332.15,1328.6,-355.6,-21.11,2026-06-25
HINDCOPPER,3,1630.05,491.4,1474.2,-155.85,-9.56,2026-06-25
MCX,1,2896.7,2831.7,2831.7,-65.0,-2.24,2026-06-25
VEDL,6,1967.1,273.45,1640.7,-326.4,-16.59,2026-06-25
RBLBANK,5,1743.5,371.05,1855.25,111.75,6.41,2026-06-25
VEDL,6,1967.1,273.45,1640.7,-326.4,-16.59,2026-06-26
MCX,1,2896.7,2831.7,2831.7,-65.0,-2.24,2026-06-26
RBLBANK,5,1743.5,371.05,1855.25,111.75,6.41,2026-06-26
NATIONALUM,4,1684.2,332.15,1328.6,-355.6,-21.11,2026-06-26
HINDCOPPER,3,1630.05,491.4,1474.2,-155.85,-9.56,2026-06-26
NATIONALUM,4,1684.2,347.4,1389.6,-294.6,-17.49,2026-06-29
HINDCOPPER,3,1630.05,496.2,1488.6,-141.45,-8.68,2026-06-29
MCX,1,2896.7,2914.5,2914.5,17.8,0.61,2026-06-29
VEDL,6,1967.1,284.55,1707.3,-259.8,-13.21,2026-06-29
RBLBANK,5,1743.5,363.8,1819.0,75.5,4.33,2026-06-29
RBLBANK,5,1743.5,369.05,1845.25,101.75,5.84,2026-06-30
VEDL,6,1967.1,280.75,1684.5,-282.6,-14.37,2026-06-30
MCX,1,2896.7,2837.2,2837.2,-59.5,-2.05,2026-06-30
NATIONALUM,4,1684.2,339.6,1358.4,-325.8,-19.34,2026-06-30
HINDCOPPER,3,1630.05,501.1,1503.3,-126.75,-7.78,2026-06-30
NATIONALUM,4,1684.2,334.65,1338.6,-345.6,-20.52,2026-07-01
HINDCOPPER,3,1630.05,490.6,1471.8,-158.25,-9.71,2026-07-01
MCX,1,2896.7,2962.0,2962.0,65.3,2.25,2026-07-01
VEDL,6,1967.1,275.55,1653.3,-313.8,-15.95,2026-07-01
RBLBANK,5,1743.5,361.8,1809.0,65.5,3.76,2026-07-01
RBLBANK,5,1743.5,355.5,1777.5,34.0,1.95,2026-07-02
VEDL,6,1967.1,276.1,1656.6,-310.5,-15.78,2026-07-02
HINDCOPPER,3,1630.05,494.95,1484.85,-145.2,-8.91,2026-07-02
NATIONALUM,4,1684.2,332.25,1329.0,-355.2,-21.09,2026-07-02
MCX,1,2896.7,2923.2,2923.2,26.5,0.91,2026-07-02
NATIONALUM,4,1684.2,347.6,1390.4,-293.8,-17.44,2026-07-03
HINDCOPPER,3,1630.05,499.2,1497.6,-132.45,-8.13,2026-07-03
MCX,1,2896.7,2814.0,2814.0,-82.7,-2.85,2026-07-03
VEDL,6,1967.1,280.4,1682.4,-284.7,-14.47,2026-07-03
RBLBANK,5,1743.5,361.1,1805.5,62.0,3.56,2026-07-03
RBLBANK,5,1743.5,368.6,1843.0,99.5,5.71,2026-07-06
NATIONALUM,4,1684.2,351.05,1404.2,-280.0,-16.63,2026-07-06
HINDCOPPER,3,1630.05,494.6,1483.8,-146.25,-8.97,2026-07-06
MCX,1,2896.7,2723.1,2723.1,-173.6,-5.99,2026-07-06
VEDL,6,1967.1,282.0,1692.0,-275.1,-13.99,2026-07-06
RBLBANK,5,1743.5,375.1,1875.5,132.0,7.57,2026-07-07
MCX,1,2896.7,2643.2,2643.2,-253.5,-8.75,2026-07-07
VEDL,6,1967.1,275.05,1650.3,-316.8,-16.1,2026-07-07
NATIONALUM,4,1684.2,342.55,1370.2,-314.0,-18.64,2026-07-07
HINDCOPPER,3,1630.05,495.45,1486.35,-143.7,-8.82,2026-07-07
FEDERALBNK,20,6515.0,326.55,6531.0,16.0,0.25,2026-07-08
LAURUSLABS,4,5857.2,1469.2,5876.8,19.6,0.33,2026-07-08
IDEA,479,6658.1,13.93,6672.47,14.37,0.22,2026-07-08
GRANULES,7,5989.9,859.55,6016.85,26.95,0.45,2026-07-08
GESHIP,4,5506.8,1375.1,5500.4,-6.4,-0.12,2026-07-08
CUMMINSIND,1,5491.5,5498.5,5498.5,7.0,0.13,2026-07-08
NAVINFLUOR,1,7350.0,7363.0,7363.0,13.0,0.18,2026-07-08
BHARATFORG,3,6258.6,2100.5,6301.5,42.9,0.69,2026-07-08
ADANIPOWER,30,6481.5,216.48,6494.4,12.9,0.2,2026-07-08
ADANIGREEN,4,5996.0,1504.6,6018.4,22.4,0.37,2026-07-08
MCX,2,5623.7,2742.0,5484.0,-139.7,-2.48,2026-07-08
HINDCOPPER,13,6498.55,487.25,6334.25,-164.3,-2.53,2026-07-08
NATIONALUM,19,6913.2,349.75,6645.25,-267.95,-3.88,2026-07-08
BHEL,17,6409.0,377.8,6422.6,13.6,0.21,2026-07-08
POLYCAB,1,9206.5,9234.0,9234.0,27.5,0.3,2026-07-08
NATIONALUM,19,6913.2,349.5,6640.5,-272.7,-3.94,2026-07-09
HINDCOPPER,13,6498.55,486.45,6323.85,-174.7,-2.69,2026-07-09
MCX,2,5623.7,2785.4,5570.8,-52.9,-0.94,2026-07-09
ADANIGREEN,4,5996.0,1486.6,5946.4,-49.6,-0.83,2026-07-09
ADANIPOWER,30,6481.5,216.32,6489.6,8.1,0.12,2026-07-09
BHARATFORG,3,6258.6,2130.6,6391.8,133.2,2.13,2026-07-09
BHEL,17,6409.0,381.6,6487.2,78.2,1.22,2026-07-09
CUMMINSIND,1,5491.5,5542.5,5542.5,51.0,0.93,2026-07-09
FEDERALBNK,20,6515.0,327.75,6555.0,40.0,0.61,2026-07-09
GESHIP,4,5506.8,1414.2,5656.8,150.0,2.72,2026-07-09
GRANULES,7,5989.9,882.05,6174.35,184.45,3.08,2026-07-09
IDEA,479,6658.1,14.04,6725.16,67.06,1.01,2026-07-09
LAURUSLABS,4,5857.2,1507.4,6029.6,172.4,2.94,2026-07-09
NAVINFLUOR,1,7350.0,7689.0,7689.0,339.0,4.61,2026-07-09
POLYCAB,1,9206.5,9074.0,9074.0,-132.5,-1.44,2026-07-09
NATIONALUM,19,6913.2,354.85,6742.15,-171.05,-2.47,2026-07-10
HINDCOPPER,13,6498.55,498.65,6482.45,-16.1,-0.25,2026-07-10
MCX,2,5623.7,2770.7,5541.4,-82.3,-1.46,2026-07-10
ADANIGREEN,4,5996.0,1536.6,6146.4,150.4,2.51,2026-07-10
ADANIPOWER,30,6481.5,218.45,6553.5,72.0,1.11,2026-07-10
BHARATFORG,3,6258.6,2117.0,6351.0,92.4,1.48,2026-07-10
BHEL,17,6409.0,395.25,6719.25,310.25,4.84,2026-07-10
CUMMINSIND,1,5491.5,5621.5,5621.5,130.0,2.37,2026-07-10
FEDERALBNK,20,6515.0,329.85,6597.0,82.0,1.26,2026-07-10
GESHIP,4,5506.8,1420.9,5683.6,176.8,3.21,2026-07-10
GRANULES,7,5989.9,889.85,6228.95,239.05,3.99,2026-07-10
IDEA,479,6658.1,14.19,6797.01,138.91,2.09,2026-07-10
LAURUSLABS,4,5857.2,1537.8,6151.2,294.0,5.02,2026-07-10
NAVINFLUOR,1,7350.0,7712.0,7712.0,362.0,4.93,2026-07-10
POLYCAB,1,9206.5,9210.5,9210.5,4.0,0.04,2026-07-10
NATIONALUM,19,6913.2,355.2,6748.8,-164.4,-2.38,2026-07-13
HINDCOPPER,13,6498.55,497.95,6473.35,-25.2,-0.39,2026-07-13
MCX,2,5623.7,2782.1,5564.2,-59.5,-1.06,2026-07-13
ADANIGREEN,4,5996.0,1546.5,6186.0,190.0,3.17,2026-07-13
ADANIPOWER,30,6481.5,215.46,6463.8,-17.7,-0.27,2026-07-13
BHARATFORG,3,6258.6,2145.6,6436.8,178.2,2.85,2026-07-13
BHEL,17,6409.0,409.1,6954.7,545.7,8.51,2026-07-13
CUMMINSIND,1,5491.5,5555.0,5555.0,63.5,1.16,2026-07-13
FEDERALBNK,20,6515.0,332.5,6650.0,135.0,2.07,2026-07-13
GESHIP,4,5506.8,1402.0,5608.0,101.2,1.84,2026-07-13
GRANULES,7,5989.9,897.65,6283.55,293.65,4.9,2026-07-13
IDEA,479,6658.1,13.96,6686.84,28.74,0.43,2026-07-13
LAURUSLABS,4,5857.2,1558.6,6234.4,377.2,6.44,2026-07-13
NAVINFLUOR,1,7350.0,7637.0,7637.0,287.0,3.9,2026-07-13
POLYCAB,1,9206.5,9306.5,9306.5,100.0,1.09,2026-07-13
NATIONALUM,19,6913.2,364.9,6933.1,19.9,0.29,2026-07-14
HINDCOPPER,13,6498.55,491.65,6391.45,-107.1,-1.65,2026-07-14
MCX,2,5623.7,2891.3,5782.6,158.9,2.83,2026-07-14
ADANIGREEN,4,5996.0,1604.5,6418.0,422.0,7.04,2026-07-14
ADANIPOWER,30,6481.5,226.17,6785.1,303.6,4.68,2026-07-14
BHARATFORG,3,6258.6,2119.7,6359.1,100.5,1.61,2026-07-14
BHEL,17,6409.0,403.9,6866.3,457.3,7.14,2026-07-14
CUMMINSIND,1,5491.5,5493.5,5493.5,2.0,0.04,2026-07-14
FEDERALBNK,20,6515.0,327.5,6550.0,35.0,0.54,2026-07-14
GESHIP,4,5506.8,1418.8,5675.2,168.4,3.06,2026-07-14
GRANULES,7,5989.9,895.1,6265.7,275.8,4.6,2026-07-14
IDEA,479,6658.1,13.83,6624.57,-33.53,-0.5,2026-07-14
LAURUSLABS,4,5857.2,1560.7,6242.8,385.6,6.58,2026-07-14
NAVINFLUOR,1,7350.0,7586.0,7586.0,236.0,3.21,2026-07-14
POLYCAB,1,9206.5,9532.5,9532.5,326.0,3.54,2026-07-14
NATIONALUM,19,6913.2,361.5,6868.5,-44.7,-0.65,2026-07-15
HINDCOPPER,13,6498.55,491.15,6384.95,-113.6,-1.75,2026-07-15
MCX,2,5623.7,2892.6,5785.2,161.5,2.87,2026-07-15
ADANIGREEN,4,5996.0,1555.4,6221.6,225.6,3.76,2026-07-15
ADANIPOWER,30,6481.5,218.97,6569.1,87.6,1.35,2026-07-15
BHARATFORG,3,6258.6,2100.4,6301.2,42.6,0.68,2026-07-15
BHEL,17,6409.0,417.95,7105.15,696.15,10.86,2026-07-15
CUMMINSIND,1,5491.5,5549.5,5549.5,58.0,1.06,2026-07-15
FEDERALBNK,20,6515.0,327.55,6551.0,36.0,0.55,2026-07-15
GESHIP,4,5506.8,1393.2,5572.8,66.0,1.2,2026-07-15
GRANULES,7,5989.9,898.05,6286.35,296.45,4.95,2026-07-15
IDEA,479,6658.1,13.67,6547.93,-110.17,-1.65,2026-07-15
LAURUSLABS,4,5857.2,1554.3,6217.2,360.0,6.15,2026-07-15
NAVINFLUOR,1,7350.0,7618.0,7618.0,268.0,3.65,2026-07-15
POLYCAB,1,9206.5,9324.5,9324.5,118.0,1.28,2026-07-15
NATIONALUM,19,6913.2,354.45,6734.55,-178.65,-2.58,2026-07-16
HINDCOPPER,13,6498.55,484.35,6296.55,-202.0,-3.11,2026-07-16
MCX,2,5623.7,2815.5,5631.0,7.3,0.13,2026-07-16
ADANIGREEN,4,5996.0,1543.7,6174.8,178.8,2.98,2026-07-16
ADANIPOWER,30,6481.5,216.57,6497.1,15.6,0.24,2026-07-16
BHARATFORG,3,6258.6,2104.7,6314.1,55.5,0.89,2026-07-16
BHEL,17,6409.0,435.4,7401.8,992.8,15.49,2026-07-16
CUMMINSIND,1,5491.5,5592.0,5592.0,100.5,1.83,2026-07-16
FEDERALBNK,20,6515.0,326.6,6532.0,17.0,0.26,2026-07-16
GESHIP,4,5506.8,1377.4,5509.6,2.8,0.05,2026-07-16
GRANULES,7,5989.9,903.25,6322.75,332.85,5.56,2026-07-16
IDEA,479,6658.1,13.89,6653.31,-4.79,-0.07,2026-07-16
LAURUSLABS,4,5857.2,1557.6,6230.4,373.2,6.37,2026-07-16
NAVINFLUOR,1,7350.0,7650.0,7650.0,300.0,4.08,2026-07-16
POLYCAB,1,9206.5,9215.0,9215.0,8.5,0.09,2026-07-16
NATIONALUM,19,6913.2,339.9,6458.1,-455.1,-6.58,2026-07-17
HINDCOPPER,13,6498.55,486.15,6319.95,-178.6,-2.75,2026-07-17
MCX,2,5623.7,2747.5,5495.0,-128.7,-2.29,2026-07-17
ADANIGREEN,4,5996.0,1513.9,6055.6,59.6,0.99,2026-07-17
ADANIPOWER,30,6481.5,214.45,6433.5,-48.0,-0.74,2026-07-17
BHARATFORG,3,6258.6,2190.5,6571.5,312.9,5.0,2026-07-17
BHEL,17,6409.0,422.0,7174.0,765.0,11.94,2026-07-17
CUMMINSIND,1,5491.5,5448.0,5448.0,-43.5,-0.79,2026-07-17
FEDERALBNK,20,6515.0,349.0,6980.0,465.0,7.14,2026-07-17
GESHIP,4,5506.8,1345.4,5381.6,-125.2,-2.27,2026-07-17
GRANULES,7,5989.9,880.8,6165.6,175.7,2.93,2026-07-17
IDEA,479,6658.1,13.74,6581.46,-76.64,-1.15,2026-07-17
LAURUSLABS,4,5857.2,1529.8,6119.2,262.0,4.47,2026-07-17
NAVINFLUOR,1,7350.0,7579.0,7579.0,229.0,3.12,2026-07-17
POLYCAB,1,9206.5,8862.0,8862.0,-344.5,-3.74,2026-07-17
NATIONALUM,19,6913.2,342.9,6515.1,-398.1,-5.76,2026-07-20
HINDCOPPER,13,6498.55,482.05,6266.65,-231.9,-3.57,2026-07-20
MCX,2,5623.7,2818.0,5636.0,12.3,0.22,2026-07-20
ADANIGREEN,4,5996.0,1530.0,6120.0,124.0,2.07,2026-07-20
ADANIPOWER,30,6481.5,219.97,6599.1,117.6,1.81,2026-07-20
BHARATFORG,3,6258.6,2209.0,6627.0,368.4,5.89,2026-07-20
BHEL,17,6409.0,417.5,7097.5,688.5,10.74,2026-07-20
CUMMINSIND,1,5491.5,5506.0,5506.0,14.5,0.26,2026-07-20
FEDERALBNK,20,6515.0,350.75,7015.0,500.0,7.67,2026-07-20
GESHIP,4,5506.8,1387.1,5548.4,41.6,0.76,2026-07-20
GRANULES,7,5989.9,876.1,6132.7,142.8,2.38,2026-07-20
IDEA,479,6658.1,13.51,6471.29,-186.81,-2.81,2026-07-20
LAURUSLABS,4,5857.2,1558.9,6235.6,378.4,6.46,2026-07-20
NAVINFLUOR,1,7350.0,7861.5,7861.5,511.5,6.96,2026-07-20
POLYCAB,1,9206.5,8885.0,8885.0,-321.5,-3.49,2026-07-20
NATIONALUM,19,6913.2,342.9,6515.1,-398.1,-5.76,2026-07-21
HINDCOPPER,13,6498.55,492.45,6401.85,-96.7,-1.49,2026-07-21
MCX,2,5623.7,2801.2,5602.4,-21.3,-0.38,2026-07-21
ADANIGREEN,4,5996.0,1541.9,6167.6,171.6,2.86,2026-07-21
ADANIPOWER,30,6481.5,220.37,6611.1,129.6,2.0,2026-07-21
BHARATFORG,3,6258.6,2201.8,6605.4,346.8,5.54,2026-07-21
BHEL,17,6409.0,413.3,7026.1,617.1,9.63,2026-07-21
CUMMINSIND,1,5491.5,5583.0,5583.0,91.5,1.67,2026-07-21
FEDERALBNK,20,6515.0,356.05,7121.0,606.0,9.3,2026-07-21
GESHIP,4,5506.8,1408.9,5635.6,128.8,2.34,2026-07-21
GRANULES,7,5989.9,875.7,6129.9,140.0,2.34,2026-07-21
IDEA,479,6658.1,13.49,6461.71,-196.39,-2.95,2026-07-21
LAURUSLABS,4,5857.2,1593.2,6372.8,515.6,8.8,2026-07-21
NAVINFLUOR,1,7350.0,7882.0,7882.0,532.0,7.24,2026-07-21
POLYCAB,1,9206.5,8903.5,8903.5,-303.0,-3.29,2026-07-21
NATIONALUM,19,6913.2,342.4,6505.6,-407.6,-5.9,2026-07-22
HINDCOPPER,13,6498.55,489.25,6360.25,-138.3,-2.13,2026-07-22
MCX,2,5623.7,2803.9,5607.8,-15.9,-0.28,2026-07-22
ADANIGREEN,4,5996.0,1472.3,5889.2,-106.8,-1.78,2026-07-22
ADANIPOWER,30,6481.5,216.95,6508.5,27.0,0.42,2026-07-22
BHARATFORG,3,6258.6,2185.5,6556.5,297.9,4.76,2026-07-22
BHEL,17,6409.0,416.45,7079.65,670.65,10.46,2026-07-22
CUMMINSIND,1,5491.5,5586.0,5586.0,94.5,1.72,2026-07-22
FEDERALBNK,20,6515.0,353.25,7065.0,550.0,8.44,2026-07-22
GESHIP,4,5506.8,1435.2,5740.8,234.0,4.25,2026-07-22
GRANULES,7,5989.9,853.8,5976.6,-13.3,-0.22,2026-07-22
IDEA,479,6658.1,13.54,6485.66,-172.44,-2.59,2026-07-22
LAURUSLABS,4,5857.2,1577.8,6311.2,454.0,7.75,2026-07-22
NAVINFLUOR,1,7350.0,7789.0,7789.0,439.0,5.97,2026-07-22
POLYCAB,1,9206.5,9090.5,9090.5,-116.0,-1.26,2026-07-22
NATIONALUM,19,6913.2,346.0,6574.0,-339.2,-4.91,2026-07-23
HINDCOPPER,13,6498.55,491.8,6393.4,-105.15,-1.62,2026-07-23
MCX,2,5623.7,2752.6,5505.2,-118.5,-2.11,2026-07-23
ADANIGREEN,4,5996.0,1379.9,5519.6,-476.4,-7.95,2026-07-23
ADANIPOWER,30,6481.5,212.23,6366.9,-114.6,-1.77,2026-07-23
BHARATFORG,3,6258.6,2175.3,6525.9,267.3,4.27,2026-07-23
BHEL,17,6409.0,409.6,6963.2,554.2,8.65,2026-07-23
CUMMINSIND,1,5491.5,5599.0,5599.0,107.5,1.96,2026-07-23
FEDERALBNK,20,6515.0,354.4,7088.0,573.0,8.8,2026-07-23
GESHIP,4,5506.8,1441.9,5767.6,260.8,4.74,2026-07-23
GRANULES,7,5989.9,852.55,5967.85,-22.05,-0.37,2026-07-23
IDEA,479,6658.1,13.2,6322.8,-335.3,-5.04,2026-07-23
LAURUSLABS,4,5857.2,1568.3,6273.2,416.0,7.1,2026-07-23
NAVINFLUOR,1,7350.0,7673.5,7673.5,323.5,4.4,2026-07-23
POLYCAB,1,9206.5,8935.0,8935.0,-271.5,-2.95,2026-07-23
NATIONALUM,19,6913.2,343.9,6534.1,-379.1,-5.48,2026-07-24
HINDCOPPER,13,6498.55,483.15,6280.95,-217.6,-3.35,2026-07-24
MCX,2,5623.7,2730.0,5460.0,-163.7,-2.91,2026-07-24
ADANIGREEN,4,5996.0,1395.1,5580.4,-415.6,-6.93,2026-07-24
ADANIPOWER,30,6481.5,213.66,6409.8,-71.7,-1.11,2026-07-24
BHARATFORG,3,6258.6,2151.6,6454.8,196.2,3.13,2026-07-24
BHEL,17,6409.0,417.3,7094.1,685.1,10.69,2026-07-24
CUMMINSIND,1,5491.5,5600.5,5600.5,109.0,1.98,2026-07-24
FEDERALBNK,20,6515.0,354.3,7086.0,571.0,8.76,2026-07-24
GESHIP,4,5506.8,1437.9,5751.6,244.8,4.45,2026-07-24
GRANULES,7,5989.9,833.55,5834.85,-155.05,-2.59,2026-07-24
IDEA,479,6658.1,13.13,6289.27,-368.83,-5.54,2026-07-24
LAURUSLABS,4,5857.2,1601.2,6404.8,547.6,9.35,2026-07-24
NAVINFLUOR,1,7350.0,7520.0,7520.0,170.0,2.31,2026-07-24
POLYCAB,1,9206.5,8907.5,8907.5,-299.0,-3.25,2026-07-24
NATIONALUM,19,6913.2,339.35,6447.65,-465.55,-6.73,2026-07-27
HINDCOPPER,13,6498.55,482.4,6271.2,-227.35,-3.5,2026-07-27
MCX,2,5623.7,2755.1,5510.2,-113.5,-2.02,2026-07-27
ADANIGREEN,4,5996.0,1399.7,5598.8,-397.2,-6.62,2026-07-27
ADANIPOWER,30,6481.5,213.96,6418.8,-62.7,-0.97,2026-07-27
BHARATFORG,3,6258.6,2181.3,6543.9,285.3,4.56,2026-07-27
BHEL,17,6409.0,415.95,7071.15,662.15,10.33,2026-07-27
CUMMINSIND,1,5491.5,5629.5,5629.5,138.0,2.51,2026-07-27
FEDERALBNK,20,6515.0,356.5,7130.0,615.0,9.44,2026-07-27
GESHIP,4,5506.8,1398.6,5594.4,87.6,1.59,2026-07-27
GRANULES,7,5989.9,842.8,5899.6,-90.3,-1.51,2026-07-27
IDEA,479,6658.1,13.06,6255.74,-402.36,-6.04,2026-07-27
LAURUSLABS,4,5857.2,1713.4,6853.6,996.4,17.01,2026-07-27
NAVINFLUOR,1,7350.0,7711.0,7711.0,361.0,4.91,2026-07-27
POLYCAB,1,9206.5,9010.0,9010.0,-196.5,-2.13,2026-07-27
NATIONALUM,19,6913.2,334.55,6356.45,-556.75,-8.05,2026-07-28
HINDCOPPER,13,6498.55,473.15,6150.95,-347.6,-5.35,2026-07-28
MCX,2,5623.7,2713.4,5426.8,-196.9,-3.5,2026-07-28
ADANIGREEN,4,5996.0,1377.8,5511.2,-484.8,-8.09,2026-07-28
ADANIPOWER,30,6481.5,208.25,6247.5,-234.0,-3.61,2026-07-28
BHARATFORG,3,6258.6,2162.7,6488.1,229.5,3.67,2026-07-28
BHEL,17,6409.0,405.75,6897.75,488.75,7.63,2026-07-28
CUMMINSIND,1,5491.5,5455.5,5455.5,-36.0,-0.66,2026-07-28
FEDERALBNK,20,6515.0,357.25,7145.0,630.0,9.67,2026-07-28
GESHIP,4,5506.8,1377.4,5509.6,2.8,0.05,2026-07-28
GRANULES,7,5989.9,845.4,5917.8,-72.1,-1.2,2026-07-28
IDEA,479,6658.1,12.95,6203.05,-455.05,-6.83,2026-07-28
LAURUSLABS,4,5857.2,1758.9,7035.6,1178.4,20.12,2026-07-28
NAVINFLUOR,1,7350.0,7512.5,7512.5,162.5,2.21,2026-07-28
POLYCAB,1,9206.5,9121.5,9121.5,-85.0,-0.92,2026-07-28
NATIONALUM,19,6913.2,344.7,6549.3,-363.9,-5.26,2026-07-29
HINDCOPPER,13,6498.55,483.45,6284.85,-213.7,-3.29,2026-07-29
MCX,2,5623.7,2717.5,5435.0,-188.7,-3.36,2026-07-29
ADANIGREEN,4,5996.0,1373.1,5492.4,-503.6,-8.4,2026-07-29
ADANIPOWER,30,6481.5,209.52,6285.6,-195.9,-3.02,2026-07-29
BHARATFORG,3,6258.6,2171.5,6514.5,255.9,4.09,2026-07-29
BHEL,17,6409.0,405.15,6887.55,478.55,7.47,2026-07-29
CUMMINSIND,1,5491.5,5383.0,5383.0,-108.5,-1.98,2026-07-29
FEDERALBNK,20,6515.0,359.15,7183.0,668.0,10.25,2026-07-29
GESHIP,4,5506.8,1370.7,5482.8,-24.0,-0.44,2026-07-29
GRANULES,7,5989.9,841.85,5892.95,-96.95,-1.62,2026-07-29
IDEA,479,6658.1,13.05,6250.95,-407.15,-6.12,2026-07-29
LAURUSLABS,4,5857.2,1781.3,7125.2,1268.0,21.65,2026-07-29
NAVINFLUOR,1,7350.0,7594.5,7594.5,244.5,3.33,2026-07-29
POLYCAB,1,9206.5,9047.0,9047.0,-159.5,-1.73,2026-07-29
NATIONALUM,19,6913.2,347.65,6605.35,-307.85,-4.45,2026-07-30
HINDCOPPER,13,6498.55,480.25,6243.25,-255.3,-3.93,2026-07-30
MCX,2,5623.7,2677.0,5354.0,-269.7,-4.8,2026-07-30
ADANIGREEN,4,5996.0,1358.7,5434.8,-561.2,-9.36,2026-07-30
ADANIPOWER,30,6481.5,208.97,6269.1,-212.4,-3.28,2026-07-30
BHARATFORG,3,6258.6,2164.7,6494.1,235.5,3.76,2026-07-30
BHEL,17,6409.0,403.0,6851.0,442.0,6.9,2026-07-30
CUMMINSIND,1,5491.5,5396.0,5396.0,-95.5,-1.74,2026-07-30
FEDERALBNK,20,6515.0,354.15,7083.0,568.0,8.72,2026-07-30
GESHIP,4,5506.8,1371.3,5485.2,-21.6,-0.39,2026-07-30
GRANULES,7,5989.9,833.95,5837.65,-152.25,-2.54,2026-07-30
IDEA,479,6658.1,12.87,6164.73,-493.37,-7.41,2026-07-30
LAURUSLABS,4,5857.2,1781.3,7125.2,1268.0,21.65,2026-07-30
NAVINFLUOR,1,7350.0,7386.5,7386.5,36.5,0.5,2026-07-30
POLYCAB,1,9206.5,8896.0,8896.0,-310.5,-3.37,2026-07-30
NATIONALUM,19,6913.2,350.05,6650.95,-262.25,-3.79,2026-07-31
HINDCOPPER,13,6498.55,491.6,6390.8,-107.75,-1.66,2026-07-31
MCX,2,5623.7,2692.2,5384.4,-239.3,-4.26,2026-07-31
ADANIGREEN,4,5996.0,1383.0,5532.0,-464.0,-7.74,2026-07-31
ADANIPOWER,30,6481.5,211.31,6339.3,-142.2,-2.19,2026-07-31
BHARATFORG,3,6258.6,2199.8,6599.4,340.8,5.45,2026-07-31
BHEL,17,6409.0,407.0,6919.0,510.0,7.96,2026-07-31
CUMMINSIND,1,5491.5,5519.0,5519.0,27.5,0.5,2026-07-31
FEDERALBNK,20,6515.0,358.85,7177.0,662.0,10.16,2026-07-31
GESHIP,4,5506.8,1350.4,5401.6,-105.2,-1.91,2026-07-31
GRANULES,7,5989.9,824.65,5772.55,-217.35,-3.63,2026-07-31
IDEA,479,6658.1,13.01,6231.79,-426.31,-6.4,2026-07-31
LAURUSLABS,4,5857.2,1816.2,7264.8,1407.6,24.03,2026-07-31
NAVINFLUOR,1,7350.0,7567.5,7567.5,217.5,2.96,2026-07-31
POLYCAB,1,9206.5,9106.5,9106.5,-100.0,-1.09,2026-07-31
NATIONALUM,19,6913.2,369.0,7011.0,97.8,1.41,2026-08-03
HINDCOPPER,13,6498.55,495.05,6435.65,-62.9,-0.97,2026-08-03
MCX,2,5623.7,2642.1,5284.2,-339.5,-6.04,2026-08-03
ADANIGREEN,4,5996.0,1395.0,5580.0,-416.0,-6.94,2026-08-03
ADANIPOWER,30,6481.5,213.65,6409.5,-72.0,-1.11,2026-08-03
BHARATFORG,3,6258.6,2211.0,6633.0,374.4,5.98,2026-08-03
BHEL,17,6409.0,411.15,6989.55,580.55,9.06,2026-08-03
CUMMINSIND,1,5491.5,5550.0,5550.0,58.5,1.07,2026-08-03
FEDERALBNK,20,6515.0,371.7,7434.0,919.0,14.11,2026-08-03
GESHIP,4,5506.8,1398.4,5593.6,86.8,1.58,2026-08-03
GRANULES,7,5989.9,843.2,5902.4,-87.5,-1.46,2026-08-03
IDEA,479,6658.1,12.86,6159.94,-498.16,-7.48,2026-08-03
LAURUSLABS,4,5857.2,1811.4,7245.6,1388.4,23.7,2026-08-03
NAVINFLUOR,1,7350.0,7555.0,7555.0,205.0,2.79,2026-08-03
POLYCAB,1,9206.5,9034.0,9034.0,-172.5,-1.87,2026-08-03
NATIONALUM,19,6913.2,377.0,7163.0,249.8,3.61,2026-08-04
HINDCOPPER,13,6498.55,492.35,6400.55,-98.0,-1.51,2026-08-04
MCX,2,5623.7,2680.0,5360.0,-263.7,-4.69,2026-08-04
ADANIGREEN,4,5996.0,1384.0,5536.0,-460.0,-7.67,2026-08-04
ADANIPOWER,30,6481.5,209.95,6298.5,-183.0,-2.82,2026-08-04
BHARATFORG,3,6258.6,2195.0,6585.0,326.4,5.22,2026-08-04
BHEL,17,6409.0,411.95,7003.15,594.15,9.27,2026-08-04
CUMMINSIND,1,5491.5,5550.0,5550.0,58.5,1.07,2026-08-04
FEDERALBNK,20,6515.0,362.45,7249.0,734.0,11.27,2026-08-04
GESHIP,4,5506.8,1434.9,5739.6,232.8,4.23,2026-08-04
GRANULES,7,5989.9,825.7,5779.9,-210.0,-3.51,2026-08-04
IDEA,479,6658.1,12.9,6179.1,-479.0,-7.19,2026-08-04
LAURUSLABS,4,5857.2,1850.0,7400.0,1542.8,26.34,2026-08-04
NAVINFLUOR,1,7350.0,7629.0,7629.0,279.0,3.8,2026-08-04
POLYCAB,1,9206.5,9176.0,9176.0,-30.5,-0.33,2026-08-04
NATIONALUM,19,6913.2,381.0,7239.0,325.8,4.71,2026-08-05
HINDCOPPER,13,6498.55,533.8,6939.4,440.85,6.78,2026-08-05
MCX,2,5623.7,2598.6,5197.2,-426.5,-7.58,2026-08-05
ADANIGREEN,4,5996.0,1380.0,5520.0,-476.0,-7.94,2026-08-05
ADANIPOWER,30,6481.5,208.99,6269.7,-211.8,-3.27,2026-08-05
BHARATFORG,3,6258.6,2197.1,6591.3,332.7,5.32,2026-08-05
BHEL,17,6409.0,412.4,7010.8,601.8,9.39,2026-08-05
CUMMINSIND,1,5491.5,5440.0,5440.0,-51.5,-0.94,2026-08-05
FEDERALBNK,20,6515.0,356.45,7129.0,614.0,9.42,2026-08-05
GESHIP,4,5506.8,1404.7,5618.8,112.0,2.03,2026-08-05
GRANULES,7,5989.9,845.1,5915.7,-74.2,-1.24,2026-08-05
IDEA,479,6658.1,12.8,6131.2,-526.9,-7.91,2026-08-05
LAURUSLABS,4,5857.2,1835.0,7340.0,1482.8,25.32,2026-08-05
NAVINFLUOR,1,7350.0,7609.5,7609.5,259.5,3.53,2026-08-05
POLYCAB,1,9206.5,9200.0,9200.0,-6.5,-0.07,2026-08-05
NATIONALUM,19,6913.2,381.0,7239.0,325.8,4.71,2026-08-06
HINDCOPPER,13,6498.55,545.95,7097.35,598.8,9.21,2026-08-06
MCX,2,5623.7,2640.0,5280.0,-343.7,-6.11,2026-08-06
ADANIGREEN,4,5996.0,1371.5,5486.0,-510.0,-8.51,2026-08-06
ADANIPOWER,30,6481.5,208.12,6243.6,-237.9,-3.67,2026-08-06
BHARATFORG,3,6258.6,2210.0,6630.0,371.4,5.93,2026-08-06
BHEL,17,6409.0,408.15,6938.55,529.55,8.26,2026-08-06
CUMMINSIND,1,5491.5,5402.0,5402.0,-89.5,-1.63,2026-08-06
FEDERALBNK,20,6515.0,353.55,7071.0,556.0,8.53,2026-08-06
GESHIP,4,5506.8,1352.9,5411.6,-95.2,-1.73,2026-08-06
GRANULES,7,5989.9,838.65,5870.55,-119.35,-1.99,2026-08-06
IDEA,479,6658.1,12.63,6049.77,-608.33,-9.14,2026-08-06
LAURUSLABS,4,5857.2,1830.0,7320.0,1462.8,24.97,2026-08-06
NAVINFLUOR,1,7350.0,8650.0,8650.0,1300.0,17.69,2026-08-06
POLYCAB,1,9206.5,9315.0,9315.0,108.5,1.18,2026-08-06
NATIONALUM,19,6913.2,381.0,7239.0,325.8,4.71,2026-08-07
HINDCOPPER,13,6498.55,536.1,6969.3,470.75,7.24,2026-08-07
MCX,2,5623.7,2638.0,5276.0,-347.7,-6.18,2026-08-07
ADANIGREEN,4,5996.0,1372.4,5489.6,-506.4,-8.45,2026-08-07
ADANIPOWER,30,6481.5,209.0,6270.0,-211.5,-3.26,2026-08-07
BHARATFORG,3,6258.6,2265.2,6795.6,537.0,8.58,2026-08-07
BHEL,17,6409.0,405.2,6888.4,479.4,7.48,2026-08-07
CUMMINSIND,1,5491.5,5426.0,5426.0,-65.5,-1.19,2026-08-07
FEDERALBNK,20,6515.0,356.25,7125.0,610.0,9.36,2026-08-07
GESHIP,4,5506.8,1341.8,5367.2,-139.6,-2.54,2026-08-07
GRANULES,7,5989.9,873.85,6116.95,127.05,2.12,2026-08-07
IDEA,479,6658.1,12.73,6097.67,-560.43,-8.42,2026-08-07
LAURUSLABS,4,5857.2,1844.3,7377.2,1520.0,25.95,2026-08-07
NAVINFLUOR,1,7350.0,8271.0,8271.0,921.0,12.53,2026-08-07
POLYCAB,1,9206.5,9218.0,9218.0,11.5,0.12,2026-08-07
NATIONALUM,19,6913.2,382.7,7271.3,358.1,5.18,2026-08-10
HINDCOPPER,13,6498.55,526.25,6841.25,342.7,5.27,2026-08-10
MCX,2,5623.7,2759.3,5518.6,-105.1,-1.87,2026-08-10
ADANIGREEN,4,5996.0,1369.0,5476.0,-520.0,-8.67,2026-08-10
ADANIPOWER,30,6481.5,210.65,6319.5,-162.0,-2.5,2026-08-10
BHARATFORG,3,6258.6,2093.1,6279.3,20.7,0.33,2026-08-10
BHEL,17,6409.0,409.0,6953.0,544.0,8.49,2026-08-10
CUMMINSIND,1,5491.5,5448.0,5448.0,-43.5,-0.79,2026-08-10
FEDERALBNK,20,6515.0,358.35,7167.0,652.0,10.01,2026-08-10
GESHIP,4,5506.8,1329.6,5318.4,-188.4,-3.42,2026-08-10
GRANULES,7,5989.9,855.15,5986.05,-3.85,-0.06,2026-08-10
IDEA,479,6658.1,12.92,6188.68,-469.42,-7.05,2026-08-10
LAURUSLABS,4,5857.2,1854.0,7416.0,1558.8,26.61,2026-08-10
NAVINFLUOR,1,7350.0,8196.5,8196.5,846.5,11.52,2026-08-10
POLYCAB,1,9206.5,9275.0,9275.0,68.5,0.74,2026-08-10
NATIONALUM,19,6913.2,388.0,7372.0,458.8,6.64,2026-08-11
HINDCOPPER,13,6498.55,533.3,6932.9,434.35,6.68,2026-08-11
MCX,2,5623.7,2895.0,5790.0,166.3,2.96,2026-08-11
ADANIGREEN,4,5996.0,1366.0,5464.0,-532.0,-8.87,2026-08-11
ADANIPOWER,30,6481.5,209.0,6270.0,-211.5,-3.26,2026-08-11
BHARATFORG,3,6258.6,2051.0,6153.0,-105.6,-1.69,2026-08-11
BHEL,17,6409.0,403.0,6851.0,442.0,6.9,2026-08-11
CUMMINSIND,1,5491.5,5378.5,5378.5,-113.0,-2.06,2026-08-11
FEDERALBNK,20,6515.0,354.55,7091.0,576.0,8.84,2026-08-11
GESHIP,4,5506.8,1292.6,5170.4,-336.4,-6.11,2026-08-11
GRANULES,7,5989.9,861.0,6027.0,37.1,0.62,2026-08-11
IDEA,479,6658.1,12.89,6174.31,-483.79,-7.27,2026-08-11
LAURUSLABS,4,5857.2,1858.0,7432.0,1574.8,26.89,2026-08-11
NAVINFLUOR,1,7350.0,8156.0,8156.0,806.0,10.97,2026-08-11
POLYCAB,1,9206.5,9125.0,9125.0,-81.5,-0.89,2026-08-11
NATIONALUM,19,6913.2,420.0,7980.0,1066.8,15.43,2026-08-12
HINDCOPPER,13,6498.55,547.7,7120.1,621.55,9.56,2026-08-12
MCX,2,5623.7,2970.1,5940.2,316.5,5.63,2026-08-12
ADANIGREEN,4,5996.0,1332.3,5329.2,-666.8,-11.12,2026-08-12
ADANIPOWER,30,6481.5,206.99,6209.7,-271.8,-4.19,2026-08-12
BHARATFORG,3,6258.6,2081.5,6244.5,-14.1,-0.23,2026-08-12
BHEL,17,6409.0,420.0,7140.0,731.0,11.41,2026-08-12
CUMMINSIND,1,5491.5,5365.0,5365.0,-126.5,-2.3,2026-08-12
FEDERALBNK,20,6515.0,356.85,7137.0,622.0,9.55,2026-08-12
GESHIP,4,5506.8,1281.9,5127.6,-379.2,-6.89,2026-08-12
GRANULES,7,5989.9,864.8,6053.6,63.7,1.06,2026-08-12
IDEA,479,6658.1,13.5,6466.5,-191.6,-2.88,2026-08-12
LAURUSLABS,4,5857.2,1850.0,7400.0,1542.8,26.34,2026-08-12
NAVINFLUOR,1,7350.0,8356.5,8356.5,1006.5,13.69,2026-08-12
POLYCAB,1,9206.5,9289.0,9289.0,82.5,0.9,2026-08-12
NATIONALUM,19,6913.2,400.5,7609.5,696.3,10.07,2026-08-13
HINDCOPPER,13,6498.55,544.45,7077.85,579.3,8.91,2026-08-13
MCX,2,5623.7,2970.0,5940.0,316.3,5.62,2026-08-13
ADANIGREEN,4,5996.0,1319.0,5276.0,-720.0,-12.01,2026-08-13
ADANIPOWER,30,6481.5,206.1,6183.0,-298.5,-4.61,2026-08-13
BHARATFORG,3,6258.6,2088.0,6264.0,5.4,0.09,2026-08-13
BHEL,17,6409.0,420.0,7140.0,731.0,11.41,2026-08-13
CUMMINSIND,1,5491.5,5315.0,5315.0,-176.5,-3.21,2026-08-13
FEDERALBNK,20,6515.0,352.45,7049.0,534.0,8.2,2026-08-13
GESHIP,4,5506.8,1298.8,5195.2,-311.6,-5.66,2026-08-13
GRANULES,7,5989.9,857.55,6002.85,12.95,0.22,2026-08-13
IDEA,479,6658.1,13.51,6471.29,-186.81,-2.81,2026-08-13
LAURUSLABS,4,5857.2,1851.7,7406.8,1549.6,26.46,2026-08-13
NAVINFLUOR,1,7350.0,8294.0,8294.0,944.0,12.84,2026-08-13
POLYCAB,1,9206.5,9297.0,9297.0,90.5,0.98,2026-08-13
NATIONALUM,19,6913.2,376.0,7144.0,230.8,3.34,2026-08-14
HINDCOPPER,13,6498.55,529.05,6877.65,379.1,5.83,2026-08-14
MCX,2,5623.7,2911.5,5823.0,199.3,3.54,2026-08-14
ADANIGREEN,4,5996.0,1348.0,5392.0,-604.0,-10.07,2026-08-14
ADANIPOWER,30,6481.5,205.25,6157.5,-324.0,-5.0,2026-08-14
BHARATFORG,3,6258.6,2065.0,6195.0,-63.6,-1.02,2026-08-14
BHEL,17,6409.0,421.7,7168.9,759.9,11.86,2026-08-14
CUMMINSIND,1,5491.5,5400.0,5400.0,-91.5,-1.67,2026-08-14
FEDERALBNK,20,6515.0,351.3,7026.0,511.0,7.84,2026-08-14
GESHIP,4,5506.8,1284.5,5138.0,-368.8,-6.7,2026-08-14
GRANULES,7,5989.9,858.4,6008.8,18.9,0.32,2026-08-14
IDEA,479,6658.1,14.11,6758.69,100.59,1.51,2026-08-14
LAURUSLABS,4,5857.2,1787.3,7149.2,1292.0,22.06,2026-08-14
NAVINFLUOR,1,7350.0,8235.0,8235.0,885.0,12.04,2026-08-14
POLYCAB,1,9206.5,9240.0,9240.0,33.5,0.36,2026-08-14
NATIONALUM,19,6913.2,387.55,7363.45,450.25,6.51,2026-08-17
HINDCOPPER,13,6498.55,572.65,7444.45,945.9,14.56,2026-08-17
MCX,2,5623.7,2933.1,5866.2,242.5,4.31,2026-08-17
ADANIGREEN,4,5996.0,1327.6,5310.4,-685.6,-11.43,2026-08-17
ADANIPOWER,30,6481.5,203.56,6106.8,-374.7,-5.78,2026-08-17
BHARATFORG,3,6258.6,2093.0,6279.0,20.4,0.33,2026-08-17
BHEL,17,6409.0,435.95,7411.15,1002.15,15.64,2026-08-17
CUMMINSIND,1,5491.5,5450.0,5450.0,-41.5,-0.76,2026-08-17
FEDERALBNK,20,6515.0,354.1,7082.0,567.0,8.7,2026-08-17
GESHIP,4,5506.8,1274.9,5099.6,-407.2,-7.39,2026-08-17
GRANULES,7,5989.9,861.55,6030.85,40.95,0.68,2026-08-17
IDEA,479,6658.1,13.71,6567.09,-91.01,-1.37,2026-08-17
LAURUSLABS,4,5857.2,1809.7,7238.8,1381.6,23.59,2026-08-17
NAVINFLUOR,1,7350.0,8151.0,8151.0,801.0,10.9,2026-08-17
POLYCAB,1,9206.5,9370.0,9370.0,163.5,1.78,2026-08-17
NATIONALUM,19,6913.2,388.0,7372.0,458.8,6.64,2026-08-18
HINDCOPPER,13,6498.55,566.35,7362.55,864.0,13.3,2026-08-18
MCX,2,5623.7,3040.0,6080.0,456.3,8.11,2026-08-18
ADANIGREEN,4,5996.0,1308.0,5232.0,-764.0,-12.74,2026-08-18
ADANIPOWER,30,6481.5,205.58,6167.4,-314.1,-4.85,2026-08-18
BHARATFORG,3,6258.6,2098.9,6296.7,38.1,0.61,2026-08-18
BHEL,17,6409.0,425.0,7225.0,816.0,12.73,2026-08-18
CUMMINSIND,1,5491.5,5350.0,5350.0,-141.5,-2.58,2026-08-18
FEDERALBNK,20,6515.0,357.8,7156.0,641.0,9.84,2026-08-18
GESHIP,4,5506.8,1302.9,5211.6,-295.2,-5.36,2026-08-18
GRANULES,7,5989.9,851.2,5958.4,-31.5,-0.53,2026-08-18
IDEA,479,6658.1,14.12,6763.48,105.38,1.58,2026-08-18
LAURUSLABS,4,5857.2,1814.0,7256.0,1398.8,23.88,2026-08-18
NAVINFLUOR,1,7350.0,8255.0,8255.0,905.0,12.31,2026-08-18
POLYCAB,1,9206.5,9139.0,9139.0,-67.5,-0.73,2026-08-18
NATIONALUM,19,6913.2,386.55,7344.45,431.25,6.24,2026-08-19
HINDCOPPER,13,6498.55,554.85,7213.05,714.5,10.99,2026-08-19
MCX,2,5623.7,2973.0,5946.0,322.3,5.73,2026-08-19
ADANIGREEN,4,5996.0,1293.0,5172.0,-824.0,-13.74,2026-08-19
ADANIPOWER,30,6481.5,204.02,6120.6,-360.9,-5.57,2026-08-19
BHARATFORG,3,6258.6,2069.0,6207.0,-51.6,-0.82,2026-08-19
BHEL,17,6409.0,419.8,7136.6,727.6,11.35,2026-08-19
CUMMINSIND,1,5491.5,5220.0,5220.0,-271.5,-4.94,2026-08-19
FEDERALBNK,20,6515.0,358.8,7176.0,661.0,10.15,2026-08-19
GESHIP,4,5506.8,1315.5,5262.0,-244.8,-4.45,2026-08-19
GRANULES,7,5989.9,841.15,5888.05,-101.85,-1.7,2026-08-19
IDEA,479,6658.1,14.07,6739.53,81.43,1.22,2026-08-19
LAURUSLABS,4,5857.2,1801.8,7207.2,1350.0,23.05,2026-08-19
NAVINFLUOR,1,7350.0,8277.5,8277.5,927.5,12.62,2026-08-19
POLYCAB,1,9206.5,9140.0,9140.0,-66.5,-0.72,2026-08-19
NATIONALUM,19,6913.2,385.6,7326.4,413.2,5.98,2026-08-20
HINDCOPPER,13,6498.55,560.1,7281.3,782.75,12.04,2026-08-20
MCX,2,5623.7,3126.0,6252.0,628.3,11.17,2026-08-20
ADANIGREEN,4,5996.0,1301.8,5207.2,-788.8,-13.16,2026-08-20
ADANIPOWER,30,6481.5,204.0,6120.0,-361.5,-5.58,2026-08-20
BHARATFORG,3,6258.6,2062.0,6186.0,-72.6,-1.16,2026-08-20
BHEL,17,6409.0,413.5,7029.5,620.5,9.68,2026-08-20
CUMMINSIND,1,5491.5,5205.0,5205.0,-286.5,-5.22,2026-08-20
FEDERALBNK,20,6515.0,355.3,7106.0,591.0,9.07,2026-08-20
GESHIP,4,5506.8,1299.0,5196.0,-310.8,-5.64,2026-08-20
GRANULES,7,5989.9,841.6,5891.2,-98.7,-1.65,2026-08-20
IDEA,479,6658.1,14.03,6720.37,62.27,0.94,2026-08-20
LAURUSLABS,4,5857.2,1825.0,7300.0,1442.8,24.63,2026-08-20
NAVINFLUOR,1,7350.0,8256.0,8256.0,906.0,12.33,2026-08-20
POLYCAB,1,9206.5,9125.0,9125.0,-81.5,-0.89,2026-08-20
NATIONALUM,19,6913.2,394.45,7494.55,581.35,8.41,2026-08-21
HINDCOPPER,13,6498.55,572.7,7445.1,946.55,14.57,2026-08-21
MCX,2,5623.7,3185.0,6370.0,746.3,13.27,2026-08-21
ADANIGREEN,4,5996.0,1320.0,5280.0,-716.0,-11.94,2026-08-21
ADANIPOWER,30,6481.5,205.5,6165.0,-316.5,-4.88,2026-08-21
BHARATFORG,3,6258.6,2063.0,6189.0,-69.6,-1.11,2026-08-21
BHEL,17,6409.0,413.0,7021.0,612.0,9.55,2026-08-21
CUMMINSIND,1,5491.5,5107.5,5107.5,-384.0,-6.99,2026-08-21
FEDERALBNK,20,6515.0,361.0,7220.0,705.0,10.82,2026-08-21
GESHIP,4,5506.8,1311.3,5245.2,-261.6,-4.75,2026-08-21
GRANULES,7,5989.9,858.15,6007.05,17.15,0.29,2026-08-21
IDEA,479,6658.1,13.94,6677.26,19.16,0.29,2026-08-21
LAURUSLABS,4,5857.2,1802.0,7208.0,1350.8,23.06,2026-08-21
NAVINFLUOR,1,7350.0,8206.5,8206.5,856.5,11.65,2026-08-21
POLYCAB,1,9206.5,8966.0,8966.0,-240.5,-2.61,2026-08-21
NATIONALUM,19,6913.2,403.3,7662.7,749.5,10.84,2026-08-24
HINDCOPPER,13,6498.55,574.15,7463.95,965.4,14.86,2026-08-24
MCX,2,5623.7,3268.0,6536.0,912.3,16.22,2026-08-24
ADANIGREEN,4,5996.0,1308.0,5232.0,-764.0,-12.74,2026-08-24
ADANIPOWER,30,6481.5,203.7,6111.0,-370.5,-5.72,2026-08-24
BHARATFORG,3,6258.6,2041.0,6123.0,-135.6,-2.17,2026-08-24
BHEL,17,6409.0,411.4,6993.8,584.8,9.12,2026-08-24
CUMMINSIND,1,5491.5,5190.0,5190.0,-301.5,-5.49,2026-08-24
FEDERALBNK,20,6515.0,357.75,7155.0,640.0,9.82,2026-08-24
GESHIP,4,5506.8,1333.0,5332.0,-174.8,-3.17,2026-08-24
GRANULES,7,5989.9,855.3,5987.1,-2.8,-0.05,2026-08-24
IDEA,479,6658.1,14.07,6739.53,81.43,1.22,2026-08-24
LAURUSLABS,4,5857.2,1801.0,7204.0,1346.8,22.99,2026-08-24
NAVINFLUOR,1,7350.0,8187.0,8187.0,837.0,11.39,2026-08-24
POLYCAB,1,9206.5,9054.0,9054.0,-152.5,-1.66,2026-08-24
NATIONALUM,19,6913.2,397.8,7558.2,645.0,9.33,2026-08-25
HINDCOPPER,13,6498.55,532.65,6924.45,425.9,6.55,2026-08-25
MCX,2,5623.7,3280.0,6560.0,936.3,16.65,2026-08-25
ADANIGREEN,4,5996.0,1330.0,5320.0,-676.0,-11.27,2026-08-25
ADANIPOWER,30,6481.5,206.33,6189.9,-291.6,-4.5,2026-08-25
BHARATFORG,3,6258.6,2052.5,6157.5,-101.1,-1.62,2026-08-25
BHEL,17,6409.0,417.0,7089.0,680.0,10.61,2026-08-25
CUMMINSIND,1,5491.5,5239.5,5239.5,-252.0,-4.59,2026-08-25
FEDERALBNK,20,6515.0,346.95,6939.0,424.0,6.51,2026-08-25
GESHIP,4,5506.8,1342.6,5370.4,-136.4,-2.48,2026-08-25
GRANULES,7,5989.9,845.95,5921.65,-68.25,-1.14,2026-08-25
IDEA,479,6658.1,15.19,7276.01,617.91,9.28,2026-08-25
LAURUSLABS,4,5857.2,1866.2,7464.8,1607.6,27.45,2026-08-25
NAVINFLUOR,1,7350.0,8209.0,8209.0,859.0,11.69,2026-08-25
POLYCAB,1,9206.5,9098.0,9098.0,-108.5,-1.18,2026-08-25
NATIONALUM,19,6913.2,399.3,7586.7,673.5,9.74,2026-08-26
HINDCOPPER,13,6498.55,556.05,7228.65,730.1,11.23,2026-08-26
MCX,2,5623.7,3350.0,6700.0,1076.3,19.14,2026-08-26
ADANIGREEN,4,5996.0,1303.2,5212.8,-783.2,-13.06,2026-08-26
ADANIPOWER,30,6481.5,207.2,6216.0,-265.5,-4.1,2026-08-26
BHARATFORG,3,6258.6,2005.0,6015.0,-243.6,-3.89,2026-08-26
BHEL,17,6409.0,415.5,7063.5,654.5,10.21,2026-08-26
CUMMINSIND,1,5491.5,5200.0,5200.0,-291.5,-5.31,2026-08-26
FEDERALBNK,20,6515.0,345.3,6906.0,391.0,6.0,2026-08-26
GESHIP,4,5506.8,1332.2,5328.8,-178.0,-3.23,2026-08-26
GRANULES,7,5989.9,828.2,5797.4,-192.5,-3.21,2026-08-26
IDEA,479,6658.1,15.06,7213.74,555.64,8.35,2026-08-26
LAURUSLABS,4,5857.2,1887.0,7548.0,1690.8,28.87,2026-08-26
NAVINFLUOR,1,7350.0,8553.0,8553.0,1203.0,16.37,2026-08-26
POLYCAB,1,9206.5,9060.0,9060.0,-146.5,-1.59,2026-08-26
NATIONALUM,19,6913.2,389.3,7396.7,483.5,6.99,2026-08-27
HINDCOPPER,13,6498.55,536.3,6971.9,473.35,7.28,2026-08-27
MCX,2,5623.7,3265.0,6530.0,906.3,16.12,2026-08-27
ADANIGREEN,4,5996.0,1328.5,5314.0,-682.0,-11.37,2026-08-27
ADANIPOWER,30,6481.5,215.0,6450.0,-31.5,-0.49,2026-08-27
BHARATFORG,3,6258.6,2050.0,6150.0,-108.6,-1.74,2026-08-27
BHEL,17,6409.0,433.95,7377.15,968.15,15.11,2026-08-27
CUMMINSIND,1,5491.5,5190.0,5190.0,-301.5,-5.49,2026-08-27
FEDERALBNK,20,6515.0,344.8,6896.0,381.0,5.85,2026-08-27
GESHIP,4,5506.8,1317.2,5268.8,-238.0,-4.32,2026-08-27
GRANULES,7,5989.9,832.3,5826.1,-163.8,-2.73,2026-08-27
IDEA,479,6658.1,14.97,7170.63,512.53,7.7,2026-08-27
LAURUSLABS,4,5857.2,1929.4,7717.6,1860.4,31.76,2026-08-27
NAVINFLUOR,1,7350.0,8567.5,8567.5,1217.5,16.56,2026-08-27
POLYCAB,1,9206.5,9079.0,9079.0,-127.5,-1.38,2026-08-27
NATIONALUM,19,6913.2,394.95,7504.05,590.85,8.55,2026-08-28
HINDCOPPER,13,6498.55,533.55,6936.15,437.6,6.73,2026-08-28
MCX,2,5623.7,3332.0,6664.0,1040.3,18.5,2026-08-28
ADANIGREEN,4,5996.0,1311.0,5244.0,-752.0,-12.54,2026-08-28
ADANIPOWER,30,6481.5,212.63,6378.9,-102.6,-1.58,2026-08-28
BHARATFORG,3,6258.6,2037.7,6113.1,-145.5,-2.32,2026-08-28
BHEL,17,6409.0,430.85,7324.45,915.45,14.28,2026-08-28
CUMMINSIND,1,5491.5,5193.0,5193.0,-298.5,-5.44,2026-08-28
FEDERALBNK,20,6515.0,344.25,6885.0,370.0,5.68,2026-08-28
GESHIP,4,5506.8,1339.6,5358.4,-148.4,-2.69,2026-08-28
GRANULES,7,5989.9,836.65,5856.55,-133.35,-2.23,2026-08-28
IDEA,479,6658.1,14.68,7031.72,373.62,5.61,2026-08-28
LAURUSLABS,4,5857.2,1938.5,7754.0,1896.8,32.38,2026-08-28
NAVINFLUOR,1,7350.0,8517.5,8517.5,1167.5,15.88,2026-08-28
POLYCAB,1,9206.5,9088.0,9088.0,-118.5,-1.29,2026-08-28
NATIONALUM,19,6913.2,381.5,7248.5,335.3,4.85,2026-08-31
HINDCOPPER,13,6498.55,525.35,6829.55,331.0,5.09,2026-08-31
MCX,2,5623.7,3400.0,6800.0,1176.3,20.92,2026-08-31
ADANIGREEN,4,5996.0,1214.9,4859.6,-1136.4,-18.95,2026-08-31
ADANIPOWER,30,6481.5,198.0,5940.0,-541.5,-8.35,2026-08-31
BHARATFORG,3,6258.6,2104.9,6314.7,56.1,0.9,2026-08-31
BHEL,17,6409.0,442.65,7525.05,1116.05,17.41,2026-08-31
CUMMINSIND,1,5491.5,5105.0,5105.0,-386.5,-7.04,2026-08-31
FEDERALBNK,20,6515.0,356.7,7134.0,619.0,9.5,2026-08-31
GESHIP,4,5506.8,1301.8,5207.2,-299.6,-5.44,2026-08-31
GRANULES,7,5989.9,828.5,5799.5,-190.4,-3.18,2026-08-31
IDEA,479,6658.1,14.33,6864.07,205.97,3.09,2026-08-31
LAURUSLABS,4,5857.2,1915.0,7660.0,1802.8,30.78,2026-08-31
NAVINFLUOR,1,7350.0,8675.5,8675.5,1325.5,18.03,2026-08-31
POLYCAB,1,9206.5,9445.0,9445.0,238.5,2.59,2026-08-31
NATIONALUM,19,6913.2,372.0,7068.0,154.8,2.24,2026-09-01
HINDCOPPER,13,6498.55,526.65,6846.45,347.9,5.35,2026-09-01
MCX,2,5623.7,3303.0,6606.0,982.3,17.47,2026-09-01
ADANIGREEN,4,5996.0,1265.0,5060.0,-936.0,-15.61,2026-09-01
ADANIPOWER,30,6481.5,204.36,6130.8,-350.7,-5.41,2026-09-01
BHARATFORG,3,6258.6,2052.2,6156.6,-102.0,-1.63,2026-09-01
BHEL,17,6409.0,426.55,7251.35,842.35,13.14,2026-09-01
CUMMINSIND,1,5491.5,5105.0,5105.0,-386.5,-7.04,2026-09-01
FEDERALBNK,20,6515.0,349.25,6985.0,470.0,7.21,2026-09-01
GESHIP,4,5506.8,1325.6,5302.4,-204.4,-3.71,2026-09-01
GRANULES,7,5989.9,837.2,5860.4,-129.5,-2.16,2026-09-01
IDEA,479,6658.1,14.06,6734.74,76.64,1.15,2026-09-01
LAURUSLABS,4,5857.2,1861.6,7446.4,1589.2,27.13,2026-09-01
NAVINFLUOR,1,7350.0,8636.0,8636.0,1286.0,17.5,2026-09-01
POLYCAB,1,9206.5,8895.5,8895.5,-311.0,-3.38,2026-09-01
NATIONALUM,19,6913.2,370.0,7030.0,116.8,1.69,2026-09-02
HINDCOPPER,13,6498.55,520.95,6772.35,273.8,4.21,2026-09-02
MCX,2,5623.7,3286.0,6572.0,948.3,16.86,2026-09-02
ADANIGREEN,4,5996.0,1296.0,5184.0,-812.0,-13.54,2026-09-02
ADANIPOWER,30,6481.5,207.7,6231.0,-250.5,-3.86,2026-09-02
BHARATFORG,3,6258.6,2031.8,6095.4,-163.2,-2.61,2026-09-02
BHEL,17,6409.0,427.5,7267.5,858.5,13.4,2026-09-02
CUMMINSIND,1,5491.5,5088.5,5088.5,-403.0,-7.34,2026-09-02
FEDERALBNK,20,6515.0,353.35,7067.0,552.0,8.47,2026-09-02
GESHIP,4,5506.8,1305.6,5222.4,-284.4,-5.16,2026-09-02
GRANULES,7,5989.9,831.75,5822.25,-167.65,-2.8,2026-09-02
IDEA,479,6658.1,14.53,6959.87,301.77,4.53,2026-09-02
LAURUSLABS,4,5857.2,1864.0,7456.0,1598.8,27.3,2026-09-02
NAVINFLUOR,1,7350.0,8542.5,8542.5,1192.5,16.22,2026-09-02
POLYCAB,1,9206.5,8804.0,8804.0,-402.5,-4.37,2026-09-02
NATIONALUM,19,6913.2,374.0,7106.0,192.8,2.79,2026-09-03
HINDCOPPER,13,6498.55,518.5,6740.5,241.95,3.72,2026-09-03
MCX,2,5623.7,3170.2,6340.4,716.7,12.74,2026-09-03
ADANIGREEN,4,5996.0,1283.4,5133.6,-862.4,-14.38,2026-09-03
ADANIPOWER,30,6481.5,208.29,6248.7,-232.8,-3.59,2026-09-03
BHARATFORG,3,6258.6,1981.0,5943.0,-315.6,-5.04,2026-09-03
BHEL,17,6409.0,431.8,7340.6,931.6,14.54,2026-09-03
CUMMINSIND,1,5491.5,5071.0,5071.0,-420.5,-7.66,2026-09-03
FEDERALBNK,20,6515.0,344.6,6892.0,377.0,5.79,2026-09-03
GESHIP,4,5506.8,1353.6,5414.4,-92.4,-1.68,2026-09-03
GRANULES,7,5989.9,853.85,5976.95,-12.95,-0.22,2026-09-03
IDEA,479,6658.1,14.48,6935.92,277.82,4.17,2026-09-03
LAURUSLABS,4,5857.2,1868.5,7474.0,1616.8,27.6,2026-09-03
NAVINFLUOR,1,7350.0,8697.0,8697.0,1347.0,18.33,2026-09-03
POLYCAB,1,9206.5,8807.5,8807.5,-399.0,-4.33,2026-09-03
NATIONALUM,19,6913.2,374.1,7107.9,194.7,2.82,2026-09-04
HINDCOPPER,13,6498.55,521.65,6781.45,282.9,4.35,2026-09-04
MCX,2,5623.7,3275.4,6550.8,927.1,16.49,2026-09-04
ADANIGREEN,4,5996.0,1301.3,5205.2,-790.8,-13.19,2026-09-04
ADANIPOWER,30,6481.5,207.2,6216.0,-265.5,-4.1,2026-09-04
BHARATFORG,3,6258.6,1956.0,5868.0,-390.6,-6.24,2026-09-04
BHEL,17,6409.0,431.1,7328.7,919.7,14.35,2026-09-04
CUMMINSIND,1,5491.5,5035.0,5035.0,-456.5,-8.31,2026-09-04
FEDERALBNK,20,6515.0,343.0,6860.0,345.0,5.3,2026-09-04
GESHIP,4,5506.8,1369.7,5478.8,-28.0,-0.51,2026-09-04
GRANULES,7,5989.9,848.3,5938.1,-51.8,-0.86,2026-09-04
IDEA,479,6658.1,15.02,7194.58,536.48,8.06,2026-09-04
LAURUSLABS,4,5857.2,1840.0,7360.0,1502.8,25.66,2026-09-04
NAVINFLUOR,1,7350.0,8557.5,8557.5,1207.5,16.43,2026-09-04
POLYCAB,1,9206.5,8300.0,8300.0,-906.5,-9.85,2026-09-04
