date,net_return
2016-08-30,0.0
2016-08-31,0.0
2016-09-01,0.0
2016-09-02,0.0
2016-09-06,0.0
2016-09-07,0.0
2016-09-08,0.0
2016-09-09,0.0
2016-09-12,0.0
2016-09-14,0.0
2016-09-15,0.0
2016-09-16,0.0
2016-09-19,0.0
2016-09-20,0.0
2016-09-21,0.0
2016-09-22,0.0
2016-09-23,0.0
2016-09-26,0.0
2016-09-27,0.0
2016-09-28,0.0
2016-09-29,0.0
2016-09-30,0.0
2016-10-03,0.015956329977964537
2016-10-04,0.011041597140894872
2016-10-05,0.01033800224581268
2016-10-06,-0.0005476020208123795
2016-10-07,-0.0026288077209491033
2016-10-10,0.0011353686169061185
2016-10-13,-0.01197655049493472
2016-10-14,0.007471430107105659
2016-10-17,-0.007300669658513842
2016-10-18,0.011447566519899552
2016-10-19,-0.001014772908794325
2016-10-20,0.0036526548105979993
2016-10-21,0.002146292723833757
2016-10-24,-0.0006302316570960561
2016-10-25,0.0023261637214598975
2016-10-26,-0.015448437709014726
2016-10-27,-0.015776227025288143
2016-10-28,0.008177277572577808
2016-11-01,0.004366593895875786
2016-11-02,-0.018259901685698233
2016-11-03,-0.0004937630379334524
2016-11-04,-0.014346360048665432
2016-11-07,0.002150337639957954
2016-11-08,0.007456531296044981
2016-11-09,-0.02361363908681589
2016-11-10,0.012362072326750875
2016-11-11,-0.03102573315188587
2016-11-15,-0.03567681184867474
2016-11-16,0.0023902067279904537
2016-11-17,-0.006546425734407399
2016-11-18,0.007567360557065891
2016-11-21,-0.018256454696009686
2016-11-22,0.011930835550168856
2016-11-23,0.0005024948479537206
2016-11-24,0.006470553190029394
2016-11-25,0.0004924571008418422
2016-11-28,0.0029836155608748386
2016-11-29,0.004509905301597002
2016-11-30,0.01568709651542582
2016-12-01,0.0063387944591018815
2016-12-02,-0.010945092272567137
2016-12-05,0.00037040269654517975
2016-12-06,0.007586430779168013
2016-12-07,-0.007528062080586404
2016-12-08,0.014527302647935881
2016-12-09,-0.0006042285473732309
2016-12-12,-0.008989329527239354
2016-12-13,0.0034745561315331717
2016-12-14,-0.004587146266782216
2016-12-15,0.007509473425338662
2016-12-16,-0.004604025752440628
2016-12-19,-0.0027847508295177088
2016-12-20,-0.008352176268544237
2016-12-21,-0.0018104912022797138
2016-12-22,-0.015586468550373813
2016-12-23,-0.0040357890661823995
2016-12-26,-0.007001623040342558
2016-12-27,0.011750166420909718
2016-12-28,0.001178783622514155
2016-12-29,0.01190037855468725
2016-12-30,0.010567581995408104
2017-01-02,0.00760710515894855
2017-01-03,0.009734366461547567
2017-01-04,-0.004633209627337729
2017-01-05,0.0057196210323094
2017-01-06,-0.0020135583343839913
2017-01-09,-0.00837105932122284
2017-01-10,0.01702309654764628
2017-01-11,0.006100509315429062
2017-01-12,-0.0012095483005292898
2017-01-13,-0.003349881181568118
2017-01-16,-0.0006721884679452168
2017-01-17,0.009373666332822552
2017-01-18,0.010836616404159512
2017-01-19,-0.002121849585857893
2017-01-20,-0.016965782188734038
2017-01-23,0.0018803204986426085
2017-01-24,0.0026520068642542616
2017-01-25,0.008373991707153972
2017-01-27,0.011271621476484474
2017-01-30,-0.001038280845539875
2017-01-31,-0.004192628422171606
2017-02-01,0.027856092739292675
2017-02-02,0.014466903187500652
2017-02-03,0.008745929979184896
2017-02-06,0.02674305698331812
2017-02-07,0.0008713244455779494
2017-02-08,0.012785789530438909
2017-02-09,0.00023418284110300196
2017-02-10,-0.0004854545307701672
2017-02-13,-0.007142330092457436
2017-02-14,-0.0018191124719284138
2017-02-15,-0.002834070175530342
2017-02-16,0.010961985488842654
2017-02-17,-0.006859648547502273
2017-02-20,0.004116829162511442
2017-02-21,0.008165276926854457
2017-02-22,-0.0036640933573864423
2017-02-23,0.007130553880444201
2017-02-27,0.00613707358237294
2017-02-28,0.0030845578489359935
2017-03-01,0.0067986336883092795
2017-03-02,-0.01291180512668456
2017-03-03,-0.0012278388492186606
2017-03-06,0.002514978181370838
2017-03-07,-0.0028417193036065205
2017-03-08,-0.002654558705480349
2017-03-09,0.0028977432322894693
2017-03-10,0.0035786185099313202
2017-03-14,0.015049710313205875
2017-03-15,0.004583991199452461
2017-03-16,0.02192326927647737
2017-03-17,0.006033983688792556
2017-03-20,0.01087820469197587
2017-03-21,-0.004715275229923247
2017-03-22,-0.007814791595914685
2017-03-23,0.0060053518816652685
2017-03-24,0.006690907009712429
2017-03-27,0.003419705503558259
2017-03-28,0.00012180190489610281
2017-03-29,0.000604768529571766
2017-03-30,0.0035901734903541023
2017-03-31,0.0039209439282641
2017-04-03,0.01611871438199365
2017-04-05,0.007087322531350464
2017-04-06,-0.0027753122840307697
2017-04-07,-0.0013664352279904824
2017-04-10,0.0015216809947508328
2017-04-11,0.010609042764016403
2017-04-12,-0.0018194539529564463
2017-04-13,-0.0029067135840376256
2017-04-17,0.007927379897483905
2017-04-18,-0.011755340125861387
2017-04-19,0.003092320720525189
2017-04-20,0.018583208082814277
2017-04-21,-0.0017095906629375833
2017-04-24,0.009782226878519986
2017-04-25,0.013545460498953102
2017-04-26,-0.0017655296737958243
2017-04-27,0.0009720557841799355
2017-04-28,0.004966616958185997
2017-05-02,0.011956719229820535
2017-05-03,0.0018106139051314303
2017-05-04,-0.005089552918256645
2017-05-05,-0.0042599096406275815
2017-05-08,0.009659627560723673
2017-05-09,0.011764566773041798
2017-05-10,0.0023509903428375876
2017-05-11,-0.008181636498796312
2017-05-12,-0.004653599942426118
2017-05-15,0.012312233175321322
2017-05-16,0.008607757790244922
2017-05-17,-0.0005815579715279574
2017-05-18,-0.02168992167834089
2017-05-19,-0.0030184317065800317
2017-05-22,-0.015750587890083156
2017-05-23,-0.015054681577013404
2017-05-24,-0.014551497825316834
2017-05-25,0.024231895713112347
2017-05-26,0.009141771008656763
2017-05-29,-0.01761510054538987
2017-05-30,0.013137618394009785
2017-05-31,0.004967592473563345
2017-06-01,0.016424241194138704
2017-06-02,0.008431527894447571
2017-06-05,0.00011324661570340808
2017-06-06,-0.0019855757940028295
2017-06-07,0.005342187798972775
2017-06-08,0.0160302675635052
2017-06-09,0.0033111423161181434
2017-06-12,-0.006900047797095163
2017-06-13,0.006613111314466777
2017-06-14,0.006987305835045433
2017-06-15,0.0017208513990142622
2017-06-16,0.001291759338841034
2017-06-19,0.005186954611502281
2017-06-20,0.008250736512038215
2017-06-21,-0.0020721717875244144
2017-06-22,-0.005664992287894554
2017-06-23,-0.014926767739289297
2017-06-27,-0.01857464692529228
2017-06-28,0.00017945223351155664
2017-06-29,0.0054452807528983715
2017-06-30,0.0056525511532147
2017-07-03,0.01987288473711441
2017-07-04,-0.0004008903657464042
2017-07-05,0.01073956164730965
2017-07-06,0.002900723951879134
2017-07-07,0.00025070141184107913
2017-07-10,0.0037023518724342355
2017-07-11,-0.0023520618652505057
2017-07-12,0.006445051544641712
2017-07-13,0.002997013521325867
2017-07-14,0.0017780490637288515
2017-07-17,0.006499172975001568
2017-07-18,-0.0020845591380242736
2017-07-19,0.007738597305632183
2017-07-20,0.001575618042663031
2017-07-21,-0.0003066060846174286
2017-07-24,0.0034120978662885337
2017-07-25,0.007126136158330833
2017-07-26,0.0006399347590785769
2017-07-27,0.0005750716453286281
2017-07-28,0.003156573782760945
2017-07-31,8.09841354133114e-05
2017-08-01,-0.011216680516279507
2017-08-02,-0.00042652329201794536
2017-08-03,0.0009261408697335107
2017-08-04,-0.0015896409203947975
2017-08-07,0.018228869843039765
2017-08-08,-0.005766028452589972
2017-08-09,-0.019087037302443106
2017-08-10,-0.02603007853729908
2017-08-11,-0.005691320036190754
2017-08-14,0.024948639704092807
2017-08-16,0.021035228029547128
2017-08-17,-0.0012107257470926997
2017-08-18,-0.0004243248455028008
2017-08-21,-0.00726640084217911
2017-08-22,-0.008479217965431222
2017-08-23,0.016692430351872217
2017-08-24,0.0025912593169735883
2017-08-28,0.012266435620270421
2017-08-29,-0.00814109808915529
2017-08-30,0.01664408478451992
2017-08-31,0.008116253162987176
2017-09-01,0.015038403684183164
2017-09-04,-0.01594842686632635
2017-09-05,0.015922850280134928
2017-09-06,-0.00249298416184061
2017-09-07,0.0067377868862497975
2017-09-08,-0.0013397501650442734
2017-09-11,0.01774150845111406
2017-09-12,0.01560386335222445
2017-09-13,-0.021158070070879824
2017-09-14,0.0053601501129021175
2017-09-15,-0.0002867368249736144
2017-09-18,0.025040356113504664
2017-09-19,-0.0020492983227449538
2017-09-20,-0.007156643223714505
2017-09-21,-0.006968094942653431
2017-09-22,-0.03052283527945778
2017-09-25,-0.008915914585539213
2017-09-26,0.0017489318633389281
2017-09-27,-0.017719361252116046
2017-09-28,0.01568828627469041
2017-09-29,0.005961148063005485
2017-10-03,0.013178537382899017
2017-10-04,0.008307707256734643
2017-10-05,0.011048940566385342
2017-10-06,0.00751669296888423
2017-10-09,0.0079211390930484
2017-10-10,0.009507518986260108
2017-10-11,-0.008714480423235676
2017-10-12,0.011909057648048529
2017-10-13,0.0063803473723431535
2017-10-16,0.01132284218564251
2017-10-17,-0.0004614488575549121
2017-10-18,0.00247607886354261
2017-10-19,0.003956887225139667
2017-10-23,0.008238444274938483
2017-10-24,-0.0009476760292817975
2017-10-25,-0.01073546640006461
2017-10-26,0.0026396118712939806
2017-10-27,0.0049470702371716985
2017-10-30,0.010946540890092945
2017-10-31,0.004865302393094097
2017-11-01,0.0015978988268579627
2017-11-02,0.001975727118647935
2017-11-03,0.0005790362090554568
2017-11-06,0.005751471758018354
2017-11-07,-0.012348417404443921
2017-11-08,-0.019627193283883928
2017-11-09,-0.001006386635200588
2017-11-10,0.002368128615685425
2017-11-13,-0.006199061962282613
2017-11-14,0.004090608720081676
2017-11-15,-0.005489091262116647
2017-11-16,0.0007482737222007521
2017-11-17,-0.0026724974234852024
2017-11-20,-0.0014446460184634861
2017-11-21,0.0016209123373545227
2017-11-22,0.0053061307155904845
2017-11-23,0.001629630022081768
2017-11-24,0.0026969688641092834
2017-11-27,-0.00289282651037493
2017-11-28,0.0021144435431311634
2017-11-29,0.005624624899951966
2017-11-30,0.005722347316647518
2017-12-01,-0.010300942631959516
2017-12-04,-0.0006704177720950211
2017-12-05,0.0034672477837764306
2017-12-06,0.0020127140344613037
2017-12-07,0.01302767759677872
2017-12-08,0.015389049073791237
2017-12-11,-0.00012088005391544895
2017-12-12,-0.011751104622346374
2017-12-13,-0.005658790172674615
2017-12-14,-0.006735483731244512
2017-12-15,0.01588207487823513
2017-12-18,0.002385032098047782
2017-12-19,0.016612979082750844
2017-12-20,-0.001139365044658082
2017-12-21,0.0015248630655742936
2017-12-22,-0.0014163523887942902
2017-12-26,0.008612089713960472
2017-12-27,-0.00030035966582467885
2017-12-28,0.0032579938982693728
2017-12-29,0.006595288533029308
2018-01-01,-0.0031479386311817166
2018-01-02,-0.006723805355712129
2018-01-03,0.010537994977116414
2018-01-04,0.005815522904761752
2018-01-05,0.008313174593297072
2018-01-08,0.004160960708896226
2018-01-09,-0.0045420272223930394
2018-01-10,-0.0002677341054411642
2018-01-11,0.002185416329629433
2018-01-12,0.001510717375651421
2018-01-15,0.012530400827070598
2018-01-16,-0.012425535860699562
2018-01-17,0.0006638417077930725
2018-01-18,-0.007367104662559518
2018-01-19,0.0053272236454907085
2018-01-22,0.006588781327565685
2018-01-23,-0.000681199972647441
2018-01-24,-0.003887260867614093
2018-01-25,-0.007743890455134298
2018-01-29,-0.009476424741959765
2018-01-30,-0.010507316878684718
2018-01-31,-0.007826658157084587
2018-02-01,-0.0026627595637956237
2018-02-02,-0.021448248039391576
2018-02-05,-0.0029859962760283958
2018-02-06,-0.019842762786687125
2018-02-07,0.013910826786411347
2018-02-08,0.017857791893755415
2018-02-09,-0.007546101627378691
2018-02-12,0.006743044907125423
2018-02-14,-0.00024389377160185773
2018-02-15,-0.008894864016885998
2018-02-16,-0.005360819975599788
2018-02-19,-0.0040249580693702955
2018-02-20,0.0026282829290095186
2018-02-21,-0.003292641372743185
2018-02-22,-0.008164128937852523
2018-02-23,0.011794020867125353
2018-02-26,0.010849600393869814
2018-02-27,0.0024347397901398936
2018-02-28,0.0009542104954044729
2018-03-01,-0.005572915067854142
2018-03-05,-0.00955481570244145
2018-03-06,-0.0030252080374091675
2018-03-07,-0.01117358782351461
2018-03-08,-0.0009952245728313846
2018-03-09,-0.007023965661730457
2018-03-12,0.003554694403457375
2018-03-13,0.00723885633443778
2018-03-14,0.004642632685097056
2018-03-15,0.0040603628223466965
2018-03-16,-0.016864593182713473
2018-03-19,-0.013741424132693966
2018-03-20,0.002512199618361045
2018-03-21,-0.0012377629709025536
2018-03-22,-0.005607841455126915
2018-03-23,-0.008406999786187211
2018-03-26,0.00977600769029135
2018-03-27,0.0034532947305410443
2018-03-28,-0.006562870926905379
2018-04-02,0.016249905121246445
2018-04-03,0.00813224757012284
2018-04-04,-0.004604786192887849
2018-04-05,0.014863240634333766
2018-04-06,0.010445385309306148
2018-04-09,0.007365277049644234
2018-04-10,-0.0042726276401439155
2018-04-11,-0.0022603400697283984
2018-04-12,-9.966951629332551e-06
2018-04-13,0.01111381846184821
2018-04-16,0.004080032241013965
2018-04-17,-9.719217078766034e-06
2018-04-18,-0.004048258389031296
2018-04-19,0.009614088264118557
2018-04-20,-0.0022918620397288612
2018-04-23,0.002556535847118783
2018-04-24,0.007832887150137767
2018-04-25,-0.013178357990992505
2018-04-26,0.00038180420488295687
2018-04-27,0.009871984221627148
2018-04-30,0.011746304904450687
2018-05-02,-0.016823548589992916
2018-05-03,-0.007061788318746551
2018-05-04,-0.005029952591577541
2018-05-07,-0.0008156852595889875
2018-05-08,0.0023015672135257934
2018-05-09,-0.004721053583373552
2018-05-10,-0.013364050968704005
2018-05-11,-0.0038500591674928324
2018-05-14,-0.0006905080492375017
2018-05-15,-0.0016507274180169813
2018-05-16,0.007316374515035525
2018-05-17,0.0035504332395069516
2018-05-18,-0.01650096077416494
2018-05-21,-0.023080860349728456
2018-05-22,0.0022422448086112335
2018-05-23,-0.0016257035152815727
2018-05-24,-0.0014745330064719524
2018-05-25,0.002048199266700642
2018-05-28,0.017049743904308284
2018-05-29,-0.003535590706805238
2018-05-30,-0.002201366792516285
2018-05-31,0.003141329731066453
2018-06-01,-0.00928503532159868
2018-06-04,-0.006098836649608714
2018-06-05,-0.01635923640081089
2018-06-06,0.018040535227989207
2018-06-07,0.008354281997336947
2018-06-08,0.010749968950041464
2018-06-11,0.0006700768470820494
2018-06-12,0.011196934893406894
2018-06-13,0.00010418365546547822
2018-06-14,-0.0005080895165424433
2018-06-15,-0.0034673059302309994
2018-06-18,0.0016205380630928638
2018-06-19,-0.008892134790602108
2018-06-20,0.0016446554722961927
2018-06-21,0.0013786437829589526
2018-06-22,-8.146672383395359e-05
2018-06-25,-0.004947902913079587
2018-06-26,0.0036241872325483617
2018-06-27,-0.021443798971495138
2018-06-28,-0.02129077140034598
2018-06-29,0.01144949872459452
2018-07-02,-0.007871704467553038
2018-07-03,0.008815342264819052
2018-07-04,0.01407823498532153
2018-07-05,0.0007149139994599811
2018-07-06,0.009108437096345744
2018-07-09,0.01363372796400086
2018-07-10,0.010025220507089441
2018-07-11,-0.0018210599386179209
2018-07-12,-0.0005836252640415139
2018-07-13,-0.01594101244525064
2018-07-16,-0.01696080636025522
2018-07-17,0.01359909204637243
2018-07-18,-0.004952974961972238
2018-07-19,-0.002484313127869085
2018-07-20,0.007000760424013694
2018-07-23,0.012259991655275252
2018-07-24,0.027921662994181307
2018-07-25,0.004762212262486301
2018-07-26,0.016091313270277616
2018-07-27,0.0041401335956183965
2018-07-30,0.006332171710500978
2018-07-31,0.01486945449437357
2018-08-01,0.003952785169848785
2018-08-02,0.0022383132487922004
2018-08-03,0.008570783113620641
2018-08-06,-0.0009620905402639105
2018-08-07,-0.007374595922822149
2018-08-08,-0.002482017060546897
2018-08-09,0.01265855452446404
2018-08-10,-0.014380356711201695
2018-08-13,-0.009839530258870932
2018-08-14,0.010474046090149826
2018-08-16,-0.00021931732760222607
2018-08-17,0.01036684321125574
2018-08-20,0.005313405083790784
2018-08-21,0.006711619256847962
2018-08-23,0.0009506951927970649
2018-08-24,-0.004583951200459053
2018-08-27,0.008262213004550453
2018-08-28,-0.0006999856998352173
2018-08-29,2.264613931507887e-05
2018-08-30,0.001932403010085568
2018-08-31,0.0031541564724181393
2018-09-03,-0.004344869621474909
2018-09-04,-0.026162028552935403
2018-09-05,-0.014341352920284597
2018-09-06,0.008293883130278094
2018-09-07,0.016892768071068494
2018-09-10,-0.013196444992705504
2018-09-11,-0.02073867412818061
2018-09-12,0.0035183788088998316
2018-09-14,0.02138508984567736
2018-09-17,-0.006843581812979515
2018-09-18,-0.013040343950490457
2018-09-19,-0.0080090991125209
2018-09-21,-0.020052282729888314
2018-09-24,-0.028733154422340947
2018-09-25,-0.0004716569785971165
2018-09-26,0.004837961042073898
2018-09-27,-0.01977765762938946
2018-09-28,-0.024376720394334788
2018-10-01,0.0038678362238228586
2018-10-03,-0.012580577510032538
2018-10-04,-0.0258395272459378
2018-10-05,-0.0206707633231133
2018-10-08,-0.010265677185240839
2018-10-09,-0.006615003021327587
2018-10-10,0.03050204945492176
2018-10-11,-0.016665831215749456
2018-10-12,0.02311370816362525
2018-10-15,0.02617949816707043
2018-10-16,0.010398535465196401
2018-10-17,-0.018024941376474084
2018-10-19,-0.014142914316232375
2018-10-22,-0.00945232548718034
2018-10-23,-0.015918335121964722
2018-10-24,0.0016833923778864926
2018-10-25,-0.010603719377930022
2018-10-26,-0.002110766267244494
2018-10-29,0.014776502403023896
2018-10-30,0.0020324781485043615
2018-10-31,0.022786215598121915
2018-11-01,0.009847506054178907
2018-11-02,0.01656922572805801
2018-11-05,-0.0050372142728196114
2018-11-06,-0.012072843549128324
2018-11-07,0.008051756566816528
2018-11-09,0.012528354049235805
2018-11-12,-0.012838510379379197
2018-11-13,0.0038953759203918317
2018-11-14,0.002437626307513238
2018-11-15,0.005329854596383708
2018-11-16,-0.002428092856093049
2018-11-19,0.0002537188515072909
2018-11-20,-0.011769743946168103
2018-11-21,-0.0011351305054351707
2018-11-22,-0.0038348517604633297
2018-11-26,0.0019458272714140193
2018-11-27,0.006846145137094999
2018-11-28,-0.009367376980245474
2018-11-29,0.0030598960706857596
2018-11-30,0.0022515423380027404
2018-12-03,0.0014359895940942898
2018-12-04,0.00266196513360553
2018-12-05,-0.0051486175470231415
2018-12-06,-0.012453819066110596
2018-12-07,0.004090455864669632
2018-12-10,-0.015308589296126478
2018-12-11,0.006863664743394892
2018-12-12,0.021310872488721475
2018-12-13,0.009570335902916996
2018-12-14,0.0018893163101779944
2018-12-17,0.006674880028785132
2018-12-18,0.0021205754830793274
2018-12-19,0.006363380860216071
2018-12-20,0.0005123604391382628
2018-12-21,-0.01565243583723634
2018-12-24,-0.007566932452436011
2018-12-26,-0.002534118700815037
2018-12-27,0.007518161608794483
2018-12-28,0.0067961763617584384
2018-12-31,0.006079500837679386
2019-01-01,0.001898145124803396
2019-01-02,-0.002077909468153216
2019-01-03,-0.008351547091919731
2019-01-04,0.00516375835221407
2019-01-07,-0.007812024091023873
2019-01-08,-0.003182735986495913
2019-01-09,-0.00031615050342946214
2019-01-10,0.005507330980640357
2019-01-11,0.0030700826818335107
2019-01-14,-0.00592232214463939
2019-01-15,0.010585850629586504
2019-01-16,0.0030337167614720596
2019-01-17,-8.315092335162448e-05
2019-01-18,-0.006756516386418435
2019-01-21,-0.010196230372394479
2019-01-22,-0.004668103484631486
2019-01-23,0.0047674825575520306
2019-01-24,-0.008159000598496845
2019-01-25,-0.01664387953532777
2019-01-28,-0.012994267536564626
2019-01-29,0.002519319545707664
2019-01-30,0.01007356025201361
2019-01-31,0.00585959062709046
2019-02-01,-0.0021180879864167584
2019-02-04,-0.0026275738968453066
2019-02-05,-0.0036139152853767184
2019-02-06,0.00297831652053515
2019-02-07,0.00751424184901535
2019-02-08,-0.01916679158834361
2019-02-11,-0.005791952493649311
2019-02-12,-0.009702550597868217
2019-02-14,-0.00679824750875289
2019-02-15,-0.002645142073327644
2019-02-18,-0.012591923818368399
2019-02-19,0.00629747853622398
2019-02-20,0.007351308546057561
2019-02-21,0.007336045115034851
2019-02-22,0.008818324844475816
2019-02-25,0.002185954623345726
2019-02-26,-0.0062874075917138195
2019-02-27,0.006543418469356698
2019-02-28,0.006624897689442814
2019-03-01,0.02295628497111054
2019-03-05,0.021487485681729982
2019-03-06,0.0020434281231065973
2019-03-07,0.004238684812271076
2019-03-08,0.010334119248904854
2019-03-11,0.01902223389662434
2019-03-12,0.015582534699245185
2019-03-13,-0.008922200101441619
2019-03-14,-0.006074620867782782
2019-03-15,-0.0036276110658278143
2019-03-18,-0.002247718826266233
2019-03-19,0.01104454502385167
2019-03-20,0.002213605583851329
2019-03-22,0.0010150530603746425
2019-03-25,-0.010914899709157669
2019-03-26,0.009449926932976634
2019-03-27,0.0068772785219270655
2019-03-28,0.01449653184412143
2019-04-01,-0.0020938441371610855
2019-04-02,-0.005492263321263015
2019-04-03,-0.005065505935636698
2019-04-04,-0.0004912795102387244
2019-04-05,0.008809890237969676
2019-04-08,0.0016716264771833521
2019-04-09,-0.0017443104328479608
2019-04-10,-0.000997351718764387
2019-04-11,0.0017760820204827381
2019-04-12,0.004345783903848443
2019-04-15,0.005556634702819833
2019-04-16,0.006465458778227044
2019-04-18,-6.547408618192915e-05
2019-04-22,-0.01278667266049441
2019-04-23,0.002006821576564346
2019-04-24,-0.0029596696123865623
2019-04-25,-0.007375303439122527
2019-04-26,0.00245703639953941
2019-04-30,-0.007338778641472537
2019-05-02,-0.0027755028975622003
2019-05-03,-0.004900599801030207
2019-05-06,-0.007037287532042401
2019-05-07,-0.0052218032372109025
2019-05-08,-0.01031153246571489
2019-05-09,0.00018584240134466874
2019-05-10,-0.0021509172645930623
2019-05-13,-0.011875628672165923
2019-05-14,0.0034768048054893497
2019-05-15,-0.005041140404154169
2019-05-16,0.00047241029773321063
2019-05-17,0.011522720794728923
2019-05-20,0.030270204134471054
2019-05-21,-0.019140954354382674
2019-05-22,0.0006645888568228681
2019-05-23,0.003315953424053342
2019-05-24,0.0191899975971747
2019-05-27,0.023999323669445728
2019-05-28,0.006411109186805361
2019-05-29,-0.007536139248675265
2019-05-30,-0.005068983208528317
2019-05-31,2.8140834092492352e-05
2019-06-03,0.010922150177479929
2019-06-04,-0.01138789706050612
2019-06-06,-0.01238718093748905
2019-06-07,0.0008091668834431986
2019-06-10,0.003053765641382525
2019-06-11,0.0027029882740980306
2019-06-12,-0.004885365699066836
2019-06-13,-0.008339958725987116
2019-06-14,-0.0070908823586645
2019-06-17,-0.01894667112939075
2019-06-18,0.0035219260959295662
2019-06-19,-0.012852405055747806
2019-06-20,0.014496434866424796
2019-06-21,-0.004639404272868285
2019-06-24,-0.008062553621512036
2019-06-25,0.006850107552973457
2019-06-26,-0.0016626686418499924
2019-06-27,-0.003702709240767638
2019-06-28,-0.008111512938468022
2019-07-01,0.0020696464072989056
2019-07-02,0.005870690246115804
2019-07-03,0.0009128406223790434
2019-07-04,0.003438621292287829
2019-07-05,-0.017889787130919994
2019-07-08,-0.014004229979986717
2019-07-09,0.010268066126649053
2019-07-10,-0.0050582465789569585
2019-07-11,0.0004070031499185178
2019-07-12,-0.00016365175427266354
2019-07-15,0.003352862798941967
2019-07-16,0.0049657102587271915
2019-07-17,0.0014026915087652669
2019-07-18,-0.006605806798441764
2019-07-19,-0.01653180883571106
2019-07-22,-0.007000819991165138
2019-07-23,0.00031027286576887575
2019-07-24,-0.00826026544190356
2019-07-25,0.0064851825945666545
2019-07-26,-0.003874921253934604
2019-07-29,-0.0025470138714277484
2019-07-30,-0.007204840640230329
2019-07-31,0.00530978659742915
2019-08-01,-0.00906988796895776
2019-08-02,0.008024812567710166
2019-08-05,-0.010817534032727293
2019-08-06,0.013453298669387184
2019-08-07,0.003721712915426397
2019-08-08,0.008825412584047412
2019-08-09,0.0070246037550668146
2019-08-13,-0.017722182224658416
2019-08-14,0.0011113366134308362
2019-08-16,0.0024451663068412277
2019-08-19,0.0031750644184422106
2019-08-20,-0.00290057358376107
2019-08-21,-0.007113903947456908
2019-08-22,-0.015427145050671508
2019-08-23,-0.0010134615202557677
2019-08-26,0.01253930997951512
2019-08-27,0.00924353145449251
2019-08-28,-0.0031454047543709555
2019-08-29,-0.008050497260986968
2019-08-30,0.012367312574411487
2019-09-03,-0.018245092888374986
2019-09-04,0.0010363526247388248
2019-09-05,0.009167982036041395
2019-09-06,0.00626303487355041
2019-09-09,0.011943517272197637
2019-09-11,0.014063344116072253
2019-09-12,0.0024126657734104264
2019-09-13,0.008291879420741033
2019-09-16,0.008299533013697959
2019-09-17,-0.015647174039594397
2019-09-18,0.002878936481589037
2019-09-19,-0.006141097588352664
2019-09-20,0.044850381212427334
2019-09-23,0.02862315862107418
2019-09-24,-0.004758446998426737
2019-09-25,-0.015580293460629616
2019-09-26,-0.0003660484999535421
2019-09-27,-0.0070202315043139925
2019-09-30,-0.004575707678475639
2019-10-01,-0.014351281409731336
2019-10-03,-0.005331410578141089
2019-10-04,-0.010428761022094031
2019-10-07,-0.010633832560373861
2019-10-09,0.012450101860954455
2019-10-10,0.0035760956205491564
2019-10-11,0.0006548116187473164
2019-10-14,0.01437468959754069
2019-10-15,0.0006369415461554852
2019-10-16,0.0005501840588476993
2019-10-17,0.009837879173952504
2019-10-18,0.020541341050717313
2019-10-22,0.011866861276727312
2019-10-23,0.005043113391599884
2019-10-24,0.009089122026269774
2019-10-25,0.0021971306503453312
2019-10-27,0.018449345903990097
2019-10-29,0.013995148273914019
2019-10-30,-0.0003051958077705244
2019-10-31,0.008352628078337598
2019-11-01,-0.005865971558579368
2019-11-04,0.002316415260832407
2019-11-05,-0.0066445230004985815
2019-11-06,-0.009859177863498627
2019-11-07,0.004451338254578769
2019-11-08,0.0018651288020778765
2019-11-11,0.007647463783529826
2019-11-13,-0.001976768904148435
2019-11-14,0.009821237676252776
2019-11-15,0.0037014234863736784
2019-11-18,0.011335130862507191
2019-11-19,0.002320599611829577
2019-11-20,0.0038118130250472115
2019-11-21,-0.0006938207583527799
2019-11-22,-0.009067580412923817
2019-11-25,0.0009894088971000232
2019-11-26,0.0024378003318948614
2019-11-27,0.008052427044733955
2019-11-28,0.00934087649167478
2019-11-29,0.00013864848156078247
2019-12-02,-0.0036192155420288388
2019-12-03,-0.006105881576976743
2019-12-04,-0.0001629048169565499
2019-12-05,-0.009293244535402293
2019-12-06,-0.00919463237968201
2019-12-09,-0.00925369390874449
2019-12-10,-0.00986344336322205
2019-12-11,0.006070786936857225
2019-12-12,0.007631993595027512
2019-12-13,0.007866029863627222
2019-12-16,-0.005557635578336663
2019-12-17,0.0024428841827124174
2019-12-18,0.0010765481142479363
2019-12-19,-1.7917870683690834e-05
2019-12-20,-0.0036535765660925955
2019-12-23,0.0011896609811723126
2019-12-24,0.0016410323571068993
2019-12-26,-0.0010894757757857931
2019-12-27,0.00417832801178073
2019-12-30,0.0028440005661180883
2019-12-31,0.004563106750050743
2020-01-01,0.012745335775916277
2020-01-02,0.013152213484555248
2020-01-03,-0.003957679420815478
2020-01-06,-0.020271334715183525
2020-01-07,0.01738446807885225
2020-01-08,0.011116989350644159
2020-01-09,0.016967874032661378
2020-01-10,-0.003631425439041016
2020-01-13,0.01382257793090457
2020-01-14,0.006621768225429995
2020-01-15,0.016477984058916286
2020-01-16,0.010558012523508192
2020-01-17,-0.003725142890551972
2020-01-20,-0.004534084163901624
2020-01-21,8.196083446692401e-05
2020-01-22,0.008169486845320708
2020-01-23,0.019685114016402033
2020-01-24,0.006930819786294353
2020-01-27,0.003680196602739754
2020-01-28,-0.00941824401245752
2020-01-29,-0.001357777587445392
2020-01-30,-0.015603788029554705
2020-01-31,0.00041947830875477526
2020-02-03,-0.01856433683109382
2020-02-04,0.005701386082044621
2020-02-05,0.010770084832809732
2020-02-06,-0.00010328659544413255
2020-02-07,0.009367963143283066
2020-02-10,-0.00016837473941736783
2020-02-11,-0.0006554159457085227
2020-02-12,0.002795173525304836
2020-02-13,-0.0015933108201123065
2020-02-14,-0.0035010387735510224
2020-02-17,-0.021419515208686107
2020-02-18,-0.0022428423860064335
2020-02-19,0.022655868091626785
2020-02-20,0.0018626693739435393
2020-02-24,-0.028530109093679222
2020-02-25,-0.0015456011309791557
2020-02-26,-0.008870289196597403
2020-02-27,-0.0029827170733120385
2020-02-28,-0.04485355066818719
2020-03-02,-0.007783649130079541
2020-03-03,0.02098620085027808
2020-03-04,-0.009650360380309503
2020-03-05,0.007459412403432946
2020-03-06,-0.02065663552592513
2020-03-09,-0.043587335963522364
2020-03-11,0.0068700395907821225
2020-03-12,-0.0839422528724558
2020-03-13,0.023879736413223357
2020-03-16,-0.02986802880657326
2020-03-17,-0.018595071164722143
2020-03-18,-0.037807684111990175
2020-03-19,-0.031185343348309344
2020-03-20,0.040751629226018334
2020-03-23,-0.09499628710680649
2020-03-24,-0.007016435149283699
2020-03-25,0.02332497655772222
2020-03-26,0.029116192646367268
2020-03-27,0.011839307375118735
2020-03-30,-0.010726212524124198
2020-03-31,0.02260362099143235
2020-04-01,-0.0066229632185179485
2020-04-03,-0.00040114864154708156
2020-04-07,0.04809458456686111
2020-04-08,0.02402147312377413
2020-04-09,0.041699883854320614
2020-04-13,0.026577363793614677
2020-04-15,0.020894110889626914
2020-04-16,0.01652859365139525
2020-04-17,0.010036422363934181
2020-04-20,-0.001102318891761468
2020-04-21,-0.036514497552660695
2020-04-22,0.005745426550220213
2020-04-23,0.0047674235945434915
2020-04-24,-0.0035251490136346013
2020-04-27,0.014695748522327419
2020-04-28,0.003756137362524804
2020-04-29,0.011333946199859708
2020-04-30,-0.0010602309905249252
2020-05-04,-0.026598118564764104
2020-05-05,-0.011720522823923921
2020-05-06,0.01144593543651365
2020-05-07,0.0021668499967024647
2020-05-08,-1.5877806601045366e-05
2020-05-11,0.006729540285300513
2020-05-12,-0.005501980527174929
2020-05-13,0.014038640025454146
2020-05-14,0.002834058047999984
2020-05-15,-0.007365140403132497
2020-05-18,-0.03392099532506157
2020-05-19,0.015246014629265035
2020-05-20,0.015147448637796546
2020-05-21,0.0060428705408358385
2020-05-22,0.010317189942650571
2020-05-26,0.005390506312895767
2020-05-27,-0.002463470545571424
2020-05-28,0.010694435473031835
2020-05-29,0.00435910366035106
2020-06-01,0.02218658095191497
2020-06-02,0.028914317365464213
2020-06-03,0.02217377202058392
2020-06-04,0.01104753688498783
2020-06-05,0.02684701702228055
2020-06-08,-0.0045299593183358
2020-06-09,-0.004477900540735446
2020-06-10,0.01781328825987856
2020-06-11,-0.008825707735228953
2020-06-12,0.012563182875116409
2020-06-15,-0.006466860053356277
2020-06-16,0.009485009977768593
2020-06-17,-0.009190267569113798
2020-06-18,0.001698174290204063
2020-06-19,0.009257237963663357
2020-06-22,0.05715527180897978
2020-06-23,0.017046097185626632
2020-06-24,-0.019010823328869435
2020-06-25,0.0212594339625668
2020-06-26,-0.005495391329389822
2020-06-29,-0.015348279212618436
2020-06-30,-0.00470782090838163
2020-07-01,0.004345424944835252
2020-07-02,0.003540578531358852
2020-07-03,0.011145698497912962
2020-07-06,0.014063903007301374
2020-07-07,0.000988276011990754
2020-07-08,-0.008798008219910912
2020-07-09,0.011192408800064856
2020-07-10,-0.0007476935818070468
2020-07-13,0.00629218736118349
2020-07-14,-0.01564052825923214
2020-07-15,0.0014631296827530096
2020-07-16,-0.0028144063710971974
2020-07-17,0.02151554730340043
2020-07-20,0.006419671531807696
2020-07-21,0.0010728072120771016
2020-07-22,-0.005449669140667265
2020-07-23,0.010492881510949199
2020-07-24,-0.0002676714168071935
2020-07-27,-0.01183952388999858
2020-07-28,0.0056754529731774745
2020-07-29,0.003972558017666427
2020-07-30,-0.0004900691779120359
2020-07-31,0.005557308550798886
2020-08-03,0.016088034382250642
2020-08-04,0.015265103611441592
2020-08-05,0.005154671158638024
2020-08-06,0.0044201469922354455
2020-08-07,0.003615540330117926
2020-08-10,0.017112242718309852
2020-08-11,-0.010119414796389871
2020-08-12,0.005864158876711179
2020-08-13,0.024406837846381625
2020-08-14,-0.011935953048993284
2020-08-17,0.0037401280848045997
2020-08-18,0.006992669116661698
2020-08-19,-0.0003089157969774403
2020-08-20,0.010413568860535911
2020-08-21,0.007241819700403886
2020-08-24,0.019362166936771973
2020-08-25,0.006637404670113405
2020-08-26,0.0029737748752101225
2020-08-27,-0.007595758578634728
2020-08-28,-0.003382911706395201
2020-08-31,-0.048375517731660905
2020-09-01,0.004038356886774296
2020-09-02,0.023469306086170347
2020-09-03,0.010534487128826094
2020-09-04,-0.012816771924048736
2020-09-07,0.007595211843983571
2020-09-08,-0.01666313178314811
2020-09-09,0.0010228326039963525
2020-09-10,0.016593760836954723
2020-09-11,0.00172644732371638
2020-09-14,0.01950375793082286
2020-09-15,0.006208372938486461
2020-09-16,-0.0004867458950573067
2020-09-17,0.00043920934119422075
2020-09-18,0.005983655161604104
2020-09-21,-0.03972117163037965
2020-09-22,-0.021186406257648782
2020-09-23,0.0058685043634494095
2020-09-24,-0.025766119893461278
2020-09-25,0.02544329890444636
2020-09-28,0.035545575377511865
2020-09-29,-0.005250342096875987
2020-09-30,-0.004572124087119701
2020-10-01,0.0060086469432762
2020-10-05,-0.0028291883018098847
2020-10-06,0.004719208926132189
2020-10-07,0.006019841205895828
2020-10-08,0.00023143856079138386
2020-10-09,-0.010309739216122197
2020-10-12,0.00013239263611233062
2020-10-13,-0.007251458177288376
2020-10-14,-0.004813269690883651
2020-10-15,-0.007084031489243884
2020-10-16,0.008338779400322682
2020-10-19,0.0014863718596532139
2020-10-20,0.0029597775993325834
2020-10-21,0.008816863890844545
2020-10-22,0.006241974409720107
2020-10-23,-0.0029995248872428932
2020-10-26,-0.005759175964159592
2020-10-27,0.013798806276472638
2020-10-28,-0.006697572149702407
2020-10-29,-0.0007127721171937274
2020-10-30,0.00041566070095239974
2020-11-02,-0.0057215171939743814
2020-11-03,0.004872849237390471
2020-11-04,0.007002094029131371
2020-11-05,0.02217057573915481
2020-11-06,0.004593598495547704
2020-11-09,0.005785526281096841
2020-11-10,-0.008477169164973535
2020-11-11,0.012061073560911455
2020-11-12,0.008233689119901477
2020-11-13,0.0016728606480596968
2020-11-14,0.00743545878718986
2020-11-17,0.01647098731503319
2020-11-18,-0.0011077372475533733
2020-11-19,-0.0027173273015024205
2020-11-20,0.0032646923465660047
2020-11-23,0.023255866076927846
2020-11-24,0.0020359416245743023
2020-11-25,-0.009046825010686647
2020-11-26,0.00852676885100356
2020-11-27,0.020612051152846273
2020-12-01,0.002606605632851807
2020-12-02,0.00401105759862185
2020-12-03,0.009034955192659736
2020-12-04,0.004868110691273752
2020-12-07,0.012722163890177407
2020-12-08,-0.0022611394096925604
2020-12-09,0.0015423119332384008
2020-12-10,-0.0011236871655489014
2020-12-11,-0.00544423561639107
2020-12-14,0.006518147517968725
2020-12-15,-0.0005672154972495096
2020-12-16,0.01080367025789858
2020-12-17,-0.007552590734895719
2020-12-18,-0.004481622385644459
2020-12-21,-0.04900616470336851
2020-12-22,0.010744939475230295
2020-12-23,0.015255820570971797
2020-12-24,0.013848340496997824
2020-12-28,0.011366820033103046
2020-12-29,0.001602986250375586
2020-12-30,0.010742494475740823
2020-12-31,0.00498545853399847
2021-01-01,0.00903664272771271
2021-01-04,0.01242602328719112
2021-01-05,0.0043072201975948975
2021-01-06,0.0034534088082707405
2021-01-07,0.005141072391933791
2021-01-08,0.013687476823220418
2021-01-11,0.00247581801321208
2021-01-12,-0.004050444635083682
2021-01-13,6.980113869610352e-05
2021-01-14,0.010752564386733556
2021-01-15,-0.01690779222972868
2021-01-18,-0.022462470312618686
2021-01-19,0.011789032493356203
2021-01-20,0.005587023821793199
2021-01-21,-0.009825907078632278
2021-01-22,-0.000551061544576523
2021-01-25,-0.00365925155682794
2021-01-27,-0.009980308252928538
2021-01-28,-0.004582216572092138
2021-01-29,-0.011545806859034422
2021-02-01,0.01426709927050972
2021-02-02,0.020862929996958404
2021-02-03,0.017094951862342823
2021-02-04,0.018872453029253167
2021-02-05,-0.004382410058099461
2021-02-08,0.012969182308728603
2021-02-09,-0.015032533013477494
2021-02-10,0.00034143301781708
2021-02-11,0.002406946025242207
2021-02-12,-0.0004474639470856178
2021-02-15,0.007045864209085996
2021-02-16,-0.0019407101534714016
2021-02-17,0.010355036327645001
2021-02-18,0.0001826594380452606
2021-02-19,-0.011194628182725722
2021-02-22,-0.016557412675964278
2021-02-23,0.0034401082962628557
2021-02-24,0.011846785612577425
2021-02-25,0.02214543647570734
2021-02-26,-0.005914648800747865
2021-03-01,0.025398795305096197
2021-03-02,0.013134290522489767
2021-03-03,0.0207594229701002
2021-03-04,0.015857710342987136
2021-03-05,-0.018346480175201425
2021-03-08,0.013920783848197883
2021-03-09,-0.006852482869476466
2021-03-10,0.009604315216420281
2021-03-12,-0.012220443396446491
2021-03-15,-0.014627769562549535
2021-03-16,0.008232649873002639
2021-03-17,-0.017397777436967986
2021-03-18,-0.01260420725216371
2021-03-19,0.013843902554847427
2021-03-22,0.011732255021245305
2021-03-23,0.005316967814165271
2021-03-24,-0.01583955647705321
2021-03-25,-0.02151875974023858
2021-03-26,0.016598864028973447
2021-03-30,0.019553125020158886
2021-03-31,0.012229689102547783
2021-04-01,0.017294276106340975
2021-04-05,-0.012208003814064807
2021-04-06,0.01041542375147455
2021-04-07,0.006092120150499463
2021-04-08,0.014541298287254756
2021-04-09,0.004959724351130696
2021-04-12,-0.03533883062564974
2021-04-13,-0.0013059546889648051
2021-04-15,0.002984401195908046
2021-04-16,0.02394271853737079
2021-04-19,-0.0030306934831610807
2021-04-20,-0.009360465228665509
2021-04-22,0.00017152014631742008
2021-04-23,0.000776263416969049
2021-04-26,0.00015795737233659582
2021-04-27,0.011596321896170913
2021-04-28,0.005234225867372118
2021-04-29,0.0027944744615369787
2021-04-30,0.002854238201342855
2021-05-03,0.003769012573385181
2021-05-04,-0.014118096528097727
2021-05-05,0.011178501414999372
2021-05-06,0.00541884720778771
2021-05-07,0.003481294574222819
2021-05-10,0.02395031430069076
2021-05-11,0.017000581079297934
2021-05-12,-0.007406499037703148
2021-05-14,-0.014779888471716808
2021-05-17,0.016110227690248054
2021-05-18,0.01391927486732274
2021-05-19,0.012830308067772848
2021-05-20,-0.00855099187447798
2021-05-21,-0.000720145540188519
2021-05-24,-0.0004665195341442094
2021-05-25,0.0014849557979555172
2021-05-26,0.004621404864308151
2021-05-27,0.01021911492192841
2021-05-28,-0.005605317547123413
2021-05-31,0.0037584217288330565
2021-06-01,-0.006620770201019503
2021-06-02,0.015354206206976398
2021-06-03,0.008880962270749191
2021-06-04,-0.0018833661098265888
2021-06-07,0.007366635931900892
2021-06-08,0.006896020696046222
2021-06-09,-0.009592566673287683
2021-06-10,0.013467803954482011
2021-06-11,0.002418182395386811
2021-06-14,0.0010912649870872758
2021-06-15,0.0016189550930736742
2021-06-16,-0.007035989262665585
2021-06-17,-0.00181176009190456
2021-06-18,-0.008035717679156658
2021-06-21,-0.0007412669252403525
2021-06-22,0.005574542775700469
2021-06-23,-0.002095241897273107
2021-06-24,-0.00542087758343275
2021-06-25,0.008059488474994209
2021-06-28,0.01014401437900038
2021-06-29,0.008373655536105955
2021-06-30,0.004185282881598177
2021-07-01,0.00016194882404538063
2021-07-02,0.007021341197247104
2021-07-05,0.002615778242318428
2021-07-06,0.007873623162763318
2021-07-07,0.0016355142345752677
2021-07-08,0.007400375929322082
2021-07-09,0.002408585065543108
2021-07-12,0.004094708501856317
2021-07-13,-0.0018260055465894995
2021-07-14,0.003095091990517659
2021-07-15,0.0052433798187453435
2021-07-16,0.010965232629253481
2021-07-19,-0.00506524966088211
2021-07-20,-0.003797374443523663
2021-07-22,0.01418596760136001
2021-07-23,-0.0003336709312760002
2021-07-26,0.007873632318658242
2021-07-27,-7.9659892436476e-05
2021-07-28,0.005975581701354881
2021-07-29,0.00286344422982099
2021-07-30,0.005972006198438079
2021-08-02,0.014772912607346103
2021-08-03,0.009423215068954499
2021-08-04,-0.012370424547791876
2021-08-05,0.0010709709824192743
2021-08-06,-0.004378823530568917
2021-08-09,-0.005313870537016509
2021-08-10,-0.00938721310754763
2021-08-11,-0.009155761284435859
2021-08-12,0.014909809849293207
2021-08-13,-0.0010853832847361685
2021-08-16,-0.007364867075170288
2021-08-17,0.00010740935735355651
2021-08-18,0.010295759363085182
2021-08-20,-0.02276817807323654
2021-08-23,-0.012400656867159477
2021-08-24,0.007966747597564085
2021-08-25,0.007044236978442574
2021-08-26,0.004274335832761216
2021-08-27,0.017592061293788916
2021-08-30,0.01130221960292468
2021-08-31,0.008601445234013915
2021-09-01,0.007334863746499386
2021-09-02,0.010042595486179714
2021-09-03,0.003907573433056293
2021-09-06,-0.0003190394879830194
2021-09-07,-0.0005403500673094681
2021-09-08,0.0018421717104462262
2021-09-09,0.0009009835950212459
2021-09-13,0.007609877657203827
2021-09-14,6.815723458102388e-05
2021-09-15,0.008154844563961273
2021-09-16,-0.0008315759796088023
2021-09-17,-0.011968201006805087
2021-09-20,-0.01477934303400255
2021-09-21,0.008529406852686239
2021-09-22,0.010656412437858136
2021-09-23,0.008295359969227116
2021-09-24,-0.008734093985376393
2021-09-27,0.0023995732136747393
2021-09-28,-0.01603244602027666
2021-09-29,-0.00779156770804613
2021-09-30,0.0031163471633341056
2021-10-01,2.312792263662591e-05
2021-10-04,0.015227870005455361
2021-10-05,0.011841966660532758
2021-10-06,-0.01985531894852882
2021-10-07,0.005516818227665036
2021-10-08,-0.0033034569831049193
2021-10-11,0.0021518055333607502
2021-10-12,0.005507212023841482
2021-10-13,0.0007937937151503008
2021-10-14,0.001100387974970216
2021-10-18,0.00650432375689483
2021-10-19,-0.018663345021018463
2021-10-20,-0.021302759370782097
2021-10-21,-0.0067376600023208635
2021-10-22,-0.011587442502958652
2021-10-25,-0.009498709178439183
2021-10-26,0.006388993961871453
2021-10-27,0.004576986476266357
2021-10-28,-0.00840993268398215
2021-10-29,0.008381115588375983
2021-11-01,0.02118319862096355
2021-11-02,-0.0003246581329928042
2021-11-03,-0.005792765751004666
2021-11-04,0.00594319304937152
2021-11-08,0.003372482401903937
2021-11-09,0.006840254974630585
2021-11-10,0.004745928300490247
2021-11-11,-0.014245271306774263
2021-11-12,0.00651720466696464
2021-11-15,-0.0004523721900221314
2021-11-16,-0.009112605674241516
2021-11-17,-0.0075091186709487934
2021-11-18,-0.012432351570560714
2021-11-22,-0.02219759790236068
2021-11-23,0.0178395802212106
2021-11-24,0.004061288935029266
2021-11-25,1.978969962953799e-05
2021-11-26,-0.008825074952088488
2021-11-29,-0.001145315311325593
2021-11-30,0.008981237422452607
2021-12-01,0.001851163475746187
2021-12-02,0.012162943943144554
2021-12-03,-0.004179751524712452
2021-12-06,-0.020065828780309936
2021-12-07,0.006806880833484814
2021-12-08,0.011054970289574396
2021-12-09,0.008309456972991089
2021-12-10,0.01205593833376266
2021-12-13,-0.005117621683313181
2021-12-14,0.0048789645311561585
2021-12-15,-0.003022539803617751
2021-12-16,-0.005555670817198349
2021-12-17,-0.02054483521959268
2021-12-20,-0.02683473483563352
2021-12-21,0.011787829664931138
2021-12-22,0.011287414832220882
2021-12-23,0.005953388005415391
2021-12-24,-0.00413400341645301
2021-12-27,-0.0004983776636366447
2021-12-28,0.013593094947097938
2021-12-29,0.004929609425392342
2021-12-30,-0.0026270098942178734
2021-12-31,0.010830555050770133
2022-01-03,0.00284809362453869
2022-01-04,0.0027561370371515593
2022-01-05,0.001898127695381
2022-01-06,0.0011418968295107764
2022-01-07,-0.0028861371756365353
2022-01-10,0.009276072787795214
2022-01-11,-0.004058350397972997
2022-01-12,0.0068091224586451565
2022-01-13,0.009129272169660377
2022-01-14,0.00462214795810084
2022-01-17,-0.003548600632490111
2022-01-18,-0.016611156189429276
2022-01-19,-9.06078276903886e-05
2022-01-20,0.000747047136554387
2022-01-21,-0.015591101672310221
2022-01-24,-0.043016008297736906
2022-01-25,0.0007064073525607254
2022-01-27,-0.012318368734065681
2022-01-28,0.0017553383684938036
2022-01-31,0.019106472859396536
2022-02-01,0.004912579463775987
2022-02-02,0.014994720493816689
2022-02-03,-0.00321019309736819
2022-02-04,-0.010736865103085516
2022-02-07,-0.0018329355085280814
2022-02-08,-0.0028421038315305305
2022-02-09,0.006988583847094482
2022-02-10,-6.907829660681282e-05
2022-02-11,-0.01111516657137646
2022-02-14,-0.03093890624120165
2022-02-15,0.012202284079883788
2022-02-16,-0.003534857625057136
2022-02-17,-0.002126690054116152
2022-02-18,-0.009971104911232688
2022-02-21,-0.010077196746846574
2022-02-22,-0.015809989371150236
2022-02-23,0.008951402156194712
2022-02-24,-0.050265451973638804
2022-02-25,0.033201196324221666
2022-02-28,0.006992204071406506
2022-03-02,-0.0004085253443490676
2022-03-03,-0.006481096211627275
2022-03-04,-0.0073672874715686775
2022-03-07,-0.009338178407117554
2022-03-08,0.01559002140858942
2022-03-09,0.017819972057040754
2022-03-10,0.010502304711590566
2022-03-11,0.017539833712257404
2022-03-14,0.005816702385549476
2022-03-15,-0.007621661903048454
2022-03-16,0.01884466172963887
2022-03-17,0.010662930489393674
2022-03-21,-0.002930732887596696
2022-03-22,-0.0009758048682051101
2022-03-23,-0.0001873350850629731
2022-03-24,0.002245971291586689
2022-03-25,-0.01266820403650981
2022-03-28,0.003488156719766621
2022-03-29,0.006006140606398678
2022-03-30,0.00626164139407143
2022-03-31,0.0055713260957029
2022-04-01,0.01611421175075371
2022-04-04,0.023540031982925622
2022-04-05,0.015485350052164245
2022-04-06,0.001089429364860019
2022-04-07,-0.00220896204131509
2022-04-08,0.007159962203372032
2022-04-11,0.009910757985507924
2022-04-12,-0.017975210700787437
2022-04-13,0.00427856060912553
2022-04-18,-0.006191566190624205
2022-04-19,-0.02072487831106695
2022-04-20,0.013921389669819588
2022-04-21,0.013098873056330706
2022-04-22,-0.008336336498074425
2022-04-25,-0.010760518157724833
2022-04-26,0.010058580604140659
2022-04-27,-0.0058083351459669716
2022-04-28,-0.000547755678178264
2022-04-29,-0.023655078061002595
2022-05-02,-0.0017487461987637748
2022-05-04,-0.019458372759528383
2022-05-05,0.0011834295736934
2022-05-06,-0.01831497288483989
2022-05-09,-0.01264543165758772
2022-05-10,-0.011805123493927726
2022-05-11,-0.01329115542918983
2022-05-12,-0.010235304368808424
2022-05-13,-0.0014227620052998462
2022-05-16,0.011423340408833435
2022-05-17,0.015048501357453756
2022-05-18,0.002016244849325422
2022-05-19,-0.024100876862384112
2022-05-20,0.021065535640979037
2022-05-23,-0.002019727068663582
2022-05-24,-0.009201807803536488
2022-05-25,-0.024590420344129976
2022-05-26,0.016179843050849865
2022-05-27,0.01998474478931911
2022-05-30,0.011368162696432954
2022-05-31,0.008887035863822727
2022-06-01,0.0055064748438786145
2022-06-02,0.00015780755834026946
2022-06-03,-0.010709431153875203
2022-06-06,-0.0021154528081347317
2022-06-07,-0.008867647577551754
2022-06-08,-0.010122606499674168
2022-06-09,0.008367188165306124
2022-06-10,-0.0077571432367476165
2022-06-13,-0.023848526924020064
2022-06-14,-0.00609156993902024
2022-06-15,0.00828542062375965
2022-06-16,-0.025318988492309458
2022-06-17,-0.007672577821357164
2022-06-20,-0.014077093466618259
2022-06-21,0.023282383516300985
2022-06-22,-0.01179026901540738
2022-06-23,0.004679910483682368
2022-06-24,0.01508226871656022
2022-06-27,0.007333415481098641
2022-06-28,-0.0016752638721619605
2022-06-29,-0.001748530635709572
2022-06-30,-0.005546328957227958
2022-07-01,0.008169923099365728
2022-07-04,0.012604232398884183
2022-07-05,-0.003497792594386806
2022-07-06,0.009697314445912738
2022-07-07,0.005319675231314109
2022-07-08,-0.00027721946095434424
2022-07-11,0.010397201707846814
2022-07-12,-0.010566197244847596
2022-07-13,0.0003750246568808022
2022-07-14,-0.00416900202432487
2022-07-15,0.0038151522631216885
2022-07-18,0.011185203762880595
2022-07-19,0.004560968580090517
2022-07-20,0.00245512793831404
2022-07-21,0.003990593919743062
2022-07-22,-0.007251051457635336
2022-07-25,-0.0021205992571836437
2022-07-26,-0.012888514223739997
2022-07-27,0.017096658039206687
2022-07-28,0.012539018201734049
2022-07-29,0.011962845031246365
2022-08-01,0.01919026829482319
2022-08-02,0.0056350581446219725
2022-08-03,-0.002584836685325457
2022-08-04,0.00845723487860992
2022-08-05,-0.0014233513808983454
2022-08-08,0.006783001530768952
2022-08-10,0.00012858289836344887
2022-08-11,0.016684921387404336
2022-08-12,0.008922858587873604
2022-08-16,0.017986229341506118
2022-08-17,0.007471349280273328
2022-08-18,0.004891882089412842
2022-08-19,-0.009438889411007494
2022-08-22,-0.01884629286390028
2022-08-23,0.004175173965061325
2022-08-24,0.001493208427962612
2022-08-25,-0.002689717032153075
2022-08-26,0.001521926821621047
2022-08-29,-0.009446734017156804
2022-08-30,0.010910679428573164
2022-09-01,0.011893950092806771
2022-09-02,0.007747042269206646
2022-09-05,-0.0004354623536209064
2022-09-06,0.008588921754167318
2022-09-07,0.019818134050118008
2022-09-08,0.016665502289535162
2022-09-09,0.006257100623149506
2022-09-12,0.018870542981819526
2022-09-13,0.00011320259273144093
2022-09-14,0.017001341536340312
2022-09-15,0.008924177128535712
2022-09-16,-0.04378080692036155
2022-09-19,0.011196556334716232
2022-09-20,0.01046919957060019
2022-09-21,-0.01933409791156072
2022-09-22,0.010129455689536968
2022-09-23,-0.01645251466788944
2022-09-26,-0.039306951646777714
2022-09-27,0.008439480965611715
2022-09-28,-0.0032652988102834382
2022-09-29,-0.002269995968705855
2022-09-30,0.010970873345452707
2022-10-03,-0.01460421885695001
2022-10-04,0.013413752263615988
2022-10-06,0.012384158728539821
2022-10-07,-0.0005686029862445343
2022-10-10,-0.00917117607652472
2022-10-11,-0.015361118550405471
2022-10-12,0.0048496106776887826
2022-10-13,-0.0025076380213577684
2022-10-14,0.002640345676467786
2022-10-17,0.004097413418650747
2022-10-18,0.009974354536798001
2022-10-19,0.002096083675196184
2022-10-20,0.002756289357815216
2022-10-21,0.0010904714650527454
2022-10-24,0.006873856473526372
2022-10-25,0.012718862816491181
2022-10-27,-0.0036597877682571496
2022-10-28,-0.0059539202242116784
2022-10-31,0.003978192916868557
2022-11-01,0.004927309944237739
2022-11-02,0.002076061261844655
2022-11-03,-0.00047402405477386727
2022-11-04,0.013250254149736122
2022-11-07,0.006346240052539113
2022-11-09,-0.007808844113316891
2022-11-10,-0.02207027519629774
2022-11-11,-0.009272720255806841
2022-11-14,0.002597150867281018
2022-11-15,0.009497878858965221
2022-11-16,0.005440842472284426
2022-11-17,-0.001429877931898988
2022-11-18,0.0004895352557890598
2022-11-21,0.013734651472931434
2022-11-22,0.009614122532234365
2022-11-23,0.00018014233076175793
2022-11-24,-0.0012492362021445467
2022-11-25,0.012221699247724854
2022-11-28,0.017597195554882566
2022-11-29,-0.00042533581383388764
2022-11-30,0.0007438803857377999
2022-12-01,0.006760691634821849
2022-12-02,0.007718121896588281
2022-12-05,-0.007826111954230823
2022-12-06,-0.0023515345714185086
2022-12-07,0.0066036596551716925
2022-12-08,0.008697798714682443
2022-12-09,-0.0062436450542228145
2022-12-12,0.006674250917740267
2022-12-13,0.022340022288245137
2022-12-14,0.01027560909069636
2022-12-15,-0.001716794713519489
2022-12-16,-0.0235650031138128
2022-12-19,0.00570635899063964
2022-12-20,-0.00010097626990132678
2022-12-21,-0.022776620985001078
2022-12-22,-0.02214780549351684
2022-12-23,-0.06253619064779657
2022-12-26,0.04120875269788839
2022-12-27,0.018985741702739818
2022-12-28,0.00109634855774171
2022-12-29,0.0003569299298695496
2022-12-30,0.002421646750887042
2023-01-02,0.0005802214854449426
2023-01-03,0.005449085054543236
2023-01-04,-0.003879428170021575
2023-01-05,0.001721325772974235
2023-01-06,-0.0030038413037835427
2023-01-09,0.006284819672046342
2023-01-10,-0.009590126183838298
2023-01-11,-0.0036724869432059664
2023-01-12,-0.004579010316614224
2023-01-13,9.794650231910755e-05
2023-01-16,-0.007004532764066297
2023-01-17,-0.0020426965258359252
2023-01-18,0.003448140314212365
2023-01-19,-0.0031559849118574664
2023-01-20,-0.0022633655741996525
2023-01-23,0.0033753498067046663
2023-01-24,-0.007144150773702758
2023-01-25,-0.022783717452508345
2023-01-27,-0.020399688228290656
2023-01-30,-0.005498366814960718
2023-01-31,0.01787966337486282
2023-02-01,-0.019926871031261333
2023-02-02,-0.002463516355733531
2023-02-03,-0.009483664021916187
2023-02-06,0.004558338862000328
2023-02-07,0.00185730523777052
2023-02-08,0.010967562850316831
2023-02-09,-0.005985311629693896
2023-02-10,-0.003853032747031412
2023-02-13,-0.006370510229571015
2023-02-14,-0.004714400102407288
2023-02-15,0.0032679962071310723
2023-02-16,0.012479439706224484
2023-02-17,-0.007458112962134481
2023-02-20,0.0007101706676046291
2023-02-21,0.0050061900862514806
2023-02-22,-0.015650583229417918
2023-02-23,-0.005790238021089586
2023-02-24,0.0007061834855787857
2023-02-27,-0.007987537938698268
2023-02-28,0.006983520866231815
2023-03-01,0.014118204747548472
2023-03-02,0.0013721957644907503
2023-03-03,0.004349802500194948
2023-03-06,0.01025272679672395
2023-03-08,0.002643448385668268
2023-03-09,-0.005268742123335195
2023-03-10,-0.00962219286864423
2023-03-13,-0.013231252091780403
2023-03-14,-0.0069879609340053415
2023-03-15,-0.005660047040944903
2023-03-16,-0.0005377739260633991
2023-03-17,0.002141831914159358
2023-03-20,-0.015330439683364139
2023-03-21,0.015837694907653334
2023-03-22,0.003447784508075776
2023-03-23,-0.004510996099469377
2023-03-24,-0.011173313044035255
2023-03-27,-0.009047522616596193
2023-03-28,-0.008663570964702534
2023-03-29,0.00971970969725772
2023-03-31,0.007549778583493244
2023-04-03,0.010233565166075542
2023-04-05,0.0038542931338398524
2023-04-06,0.008699946473739653
2023-04-10,0.006262502848154957
2023-04-11,0.002575227359548203
2023-04-12,0.009944646731465362
2023-04-13,-0.00080130051286826
2023-04-17,0.006377237001202247
2023-04-18,0.003214674361665588
2023-04-19,0.0022906728615985803
2023-04-20,-0.001333292590830655
2023-04-21,-0.0058385227721441755
2023-04-24,0.010547700196665467
2023-04-25,0.010444859558716733
2023-04-26,0.01016071468342497
2023-04-27,0.0026196808178004438
2023-04-28,0.020259008691107874
2023-05-02,0.01345583473157318
2023-05-03,-0.0015726452685703553
2023-05-04,0.00028304081695151775
2023-05-05,0.0004888160003840394
2023-05-08,0.0018185755911379678
2023-05-09,-0.004289996809481667
2023-05-10,0.00603166681680854
2023-05-11,0.011965128942469084
2023-05-12,-0.0017648574082238192
2023-05-15,-0.0014426232290318266
2023-05-16,2.870012078931561e-05
2023-05-17,-0.0021827999507725315
2023-05-18,-0.02348146952797381
2023-05-19,-0.0166217473312211
2023-05-22,0.009858242613325088
2023-05-23,0.009666527143058724
2023-05-24,-0.0017099475013498669
2023-05-25,-0.0036633901384556735
2023-05-26,0.010245159730708154
2023-05-29,0.002459124314999449
2023-05-30,-0.00017238469560069167
2023-05-31,0.004056193346746221
2023-06-01,-0.003926172561812002
2023-06-02,0.001770084771194406
2023-06-05,0.003655722696738286
2023-06-06,0.012838158510042188
2023-06-07,0.013567193686563735
2023-06-08,-0.00440558731982982
2023-06-09,-0.0006510493885308463
2023-06-12,0.002980015948401817
2023-06-13,0.008086970555265196
2023-06-14,0.008043680158639141
2023-06-15,-0.0015705727049906424
2023-06-16,-0.000432484884723446
2023-06-19,0.003190450013695339
2023-06-20,0.014686010733369788
2023-06-21,-0.002266026144293575
2023-06-22,-0.008975036776613026
2023-06-23,-0.030567611443531005
2023-06-26,0.012243890512037765
2023-06-27,0.010161362723039209
2023-06-28,0.004371485669978912
2023-06-30,0.014615369143726936
2023-07-03,0.00501116806564427
2023-07-04,-0.000878424883991064
2023-07-05,0.0070864508929456005
2023-07-06,0.0020388421152007317
2023-07-07,-0.005594215153118958
2023-07-10,-0.00030394723816780215
2023-07-11,0.008707417713704889
2023-07-12,0.0003275326525671203
2023-07-13,-0.008630565915228492
2023-07-14,0.0062757975005383266
2023-07-17,0.008001160237807071
2023-07-18,-0.004537988181938388
2023-07-19,0.008576993579937558
2023-07-20,0.007357205782438142
2023-07-21,-0.00024628438348820586
2023-07-24,-0.00023616241077973254
2023-07-25,0.012742985733483841
2023-07-26,0.0017652386749255216
2023-07-27,0.0045455215132291765
2023-07-28,0.007722384002435476
2023-07-31,0.01941479704649613
2023-08-01,0.005633451823869712
2023-08-02,-0.018097560243224807
2023-08-03,0.009513800136336896
2023-08-04,0.003528498294320645
2023-08-07,0.006346037060138863
2023-08-08,0.022497902819176366
2023-08-09,0.009311482140154335
2023-08-10,-0.0036973271796953747
2023-08-11,0.0041875606544913724
2023-08-14,-0.006936959294007721
2023-08-16,0.0056495337040288925
2023-08-17,-0.007852207701198119
2023-08-18,-0.003885751268591348
2023-08-21,0.011778513828568614
2023-08-22,0.01132333982267977
2023-08-23,0.002156098935407089
2023-08-24,0.005917556235508781
2023-08-25,-0.006201098564369729
2023-08-28,0.004130805596153172
2023-08-29,0.004817507545093324
2023-08-30,0.003999009794392386
2023-08-31,0.009575726389427925
2023-09-01,0.018563422581318892
2023-09-04,0.030314973458023
2023-09-05,0.015630324012356717
2023-09-06,-0.005165303544492709
2023-09-07,0.018158434599845178
2023-09-08,0.014013237645990877
2023-09-11,0.03482709956851868
2023-09-12,-0.0372684939168558
2023-09-13,0.0045528732591529385
2023-09-14,0.017299930719279998
2023-09-15,0.007386103500555232
2023-09-18,0.009119255158484732
2023-09-20,-0.013633259764134709
2023-09-21,-0.00641763473603075
2023-09-22,-0.0025978683300617224
2023-09-25,-0.00033110298103040774
2023-09-26,0.004118571022413672
2023-09-27,0.0013355238586058955
2023-09-28,-0.00861177914850078
2023-09-29,0.02008359938979291
2023-10-03,0.010802476555792334
2023-10-04,-0.012870709938033381
2023-10-05,-0.0008173209831257326
2023-10-06,0.020979653626542537
2023-10-09,-0.024950861234174976
2023-10-10,0.014294822511543286
2023-10-11,0.002179210175496626
2023-10-12,0.002856816167082983
2023-10-13,0.0024077055367200673
2023-10-16,-0.0010069834287578178
2023-10-17,0.008800478255056815
2023-10-18,-0.009673805332948999
2023-10-19,-0.008153585560154584
2023-10-20,-0.01598451437893767
2023-10-23,-0.033392998054252956
2023-10-25,-0.004806354544813039
2023-10-26,-0.009340293390362226
2023-10-27,0.014039752750375601
2023-10-30,-0.0024027244167154566
2023-10-31,0.001179837179450563
2023-11-01,-0.00816821805557684
2023-11-02,0.010078067419429215
2023-11-03,0.008881811455551817
2023-11-06,0.010519197884323159
2023-11-07,0.0041724662570154
2023-11-08,0.007755582180175181
2023-11-09,0.002944942052480746
2023-11-10,0.0026082207206488185
2023-11-13,0.0029997988881236524
2023-11-15,0.004523060114741709
2023-11-16,0.002011916837136604
2023-11-17,0.0075149217013515115
2023-11-20,-0.0024350017048915392
2023-11-21,-0.0005313909807103208
2023-11-22,0.010396319408312964
2023-11-23,0.002351170080488319
2023-11-24,0.0017629192044775438
2023-11-28,0.007120206242606879
2023-11-29,0.005789305325616943
2023-11-30,0.006252048057071918
2023-12-01,0.0068657160210656995
2023-12-04,0.023814595287647657
2023-12-05,0.015140276682521516
2023-12-06,0.00035110653093853463
2023-12-07,0.006591514056304131
2023-12-08,-0.004222463003540011
2023-12-11,0.009338812692739298
2023-12-12,-0.002708145923204092
2023-12-13,0.004366662539494513
2023-12-14,0.020762172461891715
2023-12-15,-0.0005574149568204692
2023-12-18,0.007337952976424264
2023-12-19,0.007960366966329114
2023-12-20,-0.04222840619177478
2023-12-21,0.014993796968067966
2023-12-22,0.006859834192251042
2023-12-26,0.010635924980770683
2023-12-27,0.005569209446692739
2023-12-28,-0.0048465853682735285
2023-12-29,0.015409979375312827
2024-01-01,0.011627937827281125
2024-01-02,0.008778470132920674
2024-01-03,0.0053366406335271736
2024-01-04,0.009584396593137536
2024-01-05,0.007615341890456333
2024-01-08,-0.005712680177634155
2024-01-09,0.0030521984441788472
2024-01-10,-0.0020989625156798922
2024-01-11,0.014954589333266925
2024-01-12,0.0013618423981986809
2024-01-15,0.007931699186829589
2024-01-16,0.017566725823397623
2024-01-17,-0.006615185282452197
2024-01-18,0.004425980655875468
2024-01-19,0.02270525906452992
2024-01-23,-0.019844484823318374
2024-01-24,0.022606367650218718
2024-01-25,0.003995642922917575
2024-01-29,0.015367087360487603
2024-01-30,-0.001098157643686093
2024-01-31,0.02108327513272978
2024-02-01,-0.0020781303127274447
2024-02-02,0.006239186180817139
2024-02-05,0.0017391321881772663
2024-02-06,0.0233398918630161
2024-02-07,0.01213368130220566
2024-02-08,-0.013579702395316924
2024-02-09,-0.019715023439603768
2024-02-12,-0.03556467383988241
2024-02-13,0.023060581348524203
2024-02-14,0.006986154729636609
2024-02-15,0.015023960262203321
2024-02-16,0.0046904332517651495
2024-02-19,0.0038060149301365337
2024-02-20,-0.002091565176797751
2024-02-21,-0.010301671450511179
2024-02-22,0.0013985422348905018
2024-02-23,0.0052866991971112125
2024-02-26,-0.002718382181766026
2024-02-27,-0.004962313988302595
2024-02-28,-0.020072149115368677
2024-02-29,0.01839068547147709
2024-03-01,0.013782116282856869
2024-03-04,0.0007117478133161167
2024-03-05,0.010122656832024839
2024-03-06,-0.02251531354180615
2024-03-07,0.0042592488473364555
2024-03-11,-0.007932166687957432
2024-03-12,-0.022990312720842808
2024-03-13,-0.05345538935878884
2024-03-14,0.03528552795354371
2024-03-15,-0.0032090985011144347
2024-03-18,-0.009294607984246486
2024-03-19,-0.011178706322390968
2024-03-20,-0.00915735999943429
2024-03-21,0.028317535405008004
2024-03-22,0.01268198041162991
2024-03-26,0.011061696144592683
2024-03-27,-0.005453873848318813
2024-03-28,0.01123708025680203
2024-04-01,0.01158501657854305
2024-04-02,0.011553752208883604
2024-04-03,0.0036885998062471327
2024-04-04,-0.012334286200793125
2024-04-05,0.009787261703422168
2024-04-08,0.00909415357429025
2024-04-09,-0.00620741753087063
2024-04-10,0.0015848248079049106
2024-04-12,-0.013760200614398494
2024-04-15,-0.00879765367697627
2024-04-16,0.00577040908773154
2024-04-18,-0.005187293450823314
2024-04-19,-0.002374273565185006
2024-04-22,0.007637622089207599
2024-04-23,0.011186689159942798
2024-04-24,0.010547607511623555
2024-04-25,0.006060332228156537
2024-04-26,0.006025968613368685
2024-04-29,0.00857532536140657
2024-04-30,0.0030871565129740024
2024-05-02,-0.004690370222227065
2024-05-03,-0.008839509630904319
2024-05-06,-0.010962581596282356
2024-05-07,-0.014558331010577042
2024-05-08,0.009807397718271264
2024-05-09,-0.019579838461252247
2024-05-10,0.0023837564633098877
2024-05-13,0.0035655494420461127
2024-05-14,0.018764215607078295
2024-05-15,0.005651296840587735
2024-05-16,0.014522293771407782
2024-05-17,0.010941624919115085
2024-05-21,0.01954507425419311
2024-05-22,0.0048050333728652615
2024-05-23,0.016698792288304024
2024-05-24,-0.0013330974757928913
2024-05-27,0.009490729864535856
2024-05-28,-0.016690569678293667
2024-05-29,-0.004168789833219979
2024-05-30,-0.01768040118144891
2024-05-31,0.0015118155055267454
2024-06-03,0.04787284473488599
2024-06-04,-0.10885023069422423
2024-06-05,0.02983780341966594
2024-06-06,0.03430425510885456
2024-06-07,0.019905736065352973
2024-06-10,0.003143836858424547
2024-06-11,0.004352501658045936
2024-06-12,0.009317652018964286
2024-06-13,0.00508322399737658
2024-06-14,0.0058877568312837286
2024-06-18,0.009298411443629003
2024-06-19,-0.01747913450628706
2024-06-20,0.0033413831200968538
2024-06-21,0.0004156698578163267
2024-06-24,0.013162859727813912
2024-06-25,0.0022412802832889427
2024-06-26,-0.002884672378404325
2024-06-27,0.001512416486187099
2024-06-28,0.00957166850618626
2024-07-01,0.02030881687893116
2024-07-02,-0.002149440648162938
2024-07-03,0.007513119532409093
2024-07-04,0.006564304332645103
2024-07-05,0.012192027475207545
2024-07-08,0.005430732624693131
2024-07-09,0.0017196411482779186
2024-07-10,-0.004579890705458152
2024-07-11,-0.0014154129297234714
2024-07-12,-0.0032218699075515084
2024-07-15,0.01332120353338276
2024-07-16,-0.0023952271848536434
2024-07-18,-0.014109698395960721
2024-07-19,-0.023975211212967223
2024-07-22,0.013551075028550229
2024-07-23,-0.013283918685744096
2024-07-24,0.011506662088171773
2024-07-25,-0.0038102182433157683
2024-07-26,0.012449712129922862
2024-07-29,0.012724846426490015
2024-07-30,0.0022625731665704236
2024-07-31,-0.0009610416726772183
2024-08-01,-0.01338398929370588
2024-08-02,-0.009965240705886752
2024-08-05,-0.03263410928774256
2024-08-06,-0.007174015642456626
2024-08-07,0.017147282591275684
2024-08-08,-0.006440775988652595
2024-08-09,0.0022874442347934976
2024-08-12,0.007604136437654237
2024-08-13,-0.014444367739870609
2024-08-14,-0.00044956121452937106
2024-08-16,0.01046100822033592
2024-08-19,0.000897118894213626
2024-08-20,0.010546739111234963
2024-08-21,0.006326569164999337
2024-08-22,0.004685462825534115
2024-08-23,-0.0018538385586538224
2024-08-26,-0.0034956608130942675
2024-08-27,0.005288271277776602
2024-08-28,-0.0003646117854608981
2024-08-29,-0.0015843175749388257
2024-08-30,0.002399674762996487
2024-09-02,0.012735992526135902
2024-09-03,0.02063276378106551
2024-09-04,0.003963712874615503
2024-09-05,0.0015415189763441505
2024-09-06,-0.01829587188970235
2024-09-09,-0.008467661701208743
2024-09-10,0.00870625546123161
2024-09-11,-0.005375337768933952
2024-09-12,-0.011663942141256189
2024-09-13,-0.0001595858324049057
2024-09-16,0.00024954331416997743
2024-09-17,-0.004668198769549894
2024-09-18,-0.0033825714634706473
2024-09-19,-0.007852788200409369
2024-09-20,0.006540141364862988
2024-09-23,0.01585787620377714
2024-09-24,-0.0007081861914998906
2024-09-25,-0.0030780480241966073
2024-09-26,0.004212961299209901
2024-09-27,-0.0027102865379857602
2024-09-30,0.0039760158610682205
2024-10-01,0.0020077233061377947
2024-10-03,-0.02054823352268803
2024-10-04,-0.011792200089948718
2024-10-07,-0.02392054370676845
2024-10-08,0.02380665139278343
2024-10-09,0.010491783749123225
2024-10-10,0.0004780963964225826
2024-10-11,0.0016157863463014226
2024-10-14,-0.005513545637565501
2024-10-15,0.004967595090589361
2024-10-16,0.00364532989454566
2024-10-17,-0.012911863563247701
2024-10-18,-0.0015432763758945805
2024-10-21,-0.008275704685990589
2024-10-22,-0.02316388615540777
2024-10-23,-0.0011400048340385613
2024-10-24,-0.00703411159937263
2024-10-25,-0.009076643805639415
2024-10-28,0.0072361390679980455
2024-10-29,0.010279685711134853
2024-10-30,0.0055680078353178295
2024-10-31,0.0024099622307795212
2024-11-01,0.005468641318006606
2024-11-04,-0.013591596406976275
2024-11-05,0.008153383044049691
2024-11-06,0.01774554134394815
2024-11-07,-0.004017569883466516
2024-11-08,-0.016221118902206722
2024-11-11,-0.0013110857673971762
2024-11-12,-0.013273828019887066
2024-11-13,-0.027920214359644323
2024-11-14,0.012881317407595355
2024-11-18,-0.00034805713335842704
2024-11-19,0.009337164014942854
2024-11-21,-0.022799325753572176
2024-11-22,0.012297591691954162
2024-11-25,0.018529086468313062
2024-11-26,-0.004269747805521913
2024-11-27,0.006116624666973795
2024-11-28,0.005048667346532455
2024-11-29,0.006514399747817579
2024-12-02,-0.00181890090355551
2024-12-03,0.011394562986685142
2024-12-04,0.009704769811092947
2024-12-05,0.0034564910330261173
2024-12-06,0.000538469722114617
2024-12-09,0.005581596093366318
2024-12-10,-0.002943851108906266
2024-12-11,0.004483541621266094
2024-12-12,-0.006009293803739421
2024-12-13,-0.005175756269382386
2024-12-16,-0.0020369338332647015
2024-12-17,-0.0055610901305032795
2024-12-18,-0.00816877417829583
2024-12-19,-0.0048832246723652115
2024-12-20,-0.015001926079723263
2024-12-23,0.0010628063904296276
2024-12-24,-0.0013204777212386326
2024-12-26,0.006913990566754898
2024-12-27,-5.7660562408460366e-05
2024-12-30,0.0019912001251050832
2024-12-31,-0.00265259506239662
2025-01-01,0.001588868472580166
2025-01-02,0.007511359080378368
2025-01-03,-0.00546486239754086
2025-01-06,-0.023668559748113834
2025-01-07,0.01552870852196309
2025-01-08,-0.0075625553741202264
2025-01-09,-0.01816512132654967
2025-01-10,-0.027998959371279546
2025-01-13,-0.037795242072109256
2025-01-14,0.026841430254120315
2025-01-15,-0.002039569418994288
2025-01-16,0.01454138060637817
2025-01-17,0.0029058341428747883
2025-01-20,0.009315881598254156
2025-01-21,-0.014178315234420109
2025-01-22,-0.011286278669873107
2025-01-23,0.004056132249889348
2025-01-24,-0.015631223144109915
2025-01-27,-0.027590433591283943
2025-01-28,-0.002222706115236359
2025-01-29,0.015331448394146711
2025-01-30,0.006587740325027522
2025-01-31,0.015313931183149082
2025-02-01,-0.013772662419686478
2025-02-03,-0.014075137385892826
2025-02-04,0.01557702848453815
2025-02-05,0.013928314412589966
2025-02-06,0.0010479457012470624
2025-02-07,-0.002263677113975585
2025-02-10,-0.015493257201473268
2025-02-11,-0.022202507572149505
2025-02-12,-0.0005326194018140289
2025-02-13,-0.0005992845442237947
2025-02-14,-0.015230932255459859
2025-02-17,0.010718677949992437
2025-02-18,-0.0017666391833222176
2025-02-19,0.011048480898114707
2025-02-20,0.012897871800492629
2025-02-21,-0.007793907219871392
2025-02-24,-0.0019341052401571804
2025-02-25,-0.009835218114496974
2025-02-27,-0.002492435114333133
2025-02-28,-0.026901621083790354
2025-03-03,0.0031365775451109496
2025-03-04,0.007698748962191737
2025-03-05,0.021082930318971103
2025-03-06,0.010259964732821088
2025-03-07,0.005165178804060629
2025-03-10,-0.0122190050456767
2025-03-11,-0.006701383464478686
2025-03-12,0.0009561931439389811
2025-03-13,-0.008601004240368805
2025-03-17,0.007745396587786344
2025-03-18,-0.0001747936433286467
2025-03-19,0.04185280453765289
2025-03-20,0.0013779592774405503
2025-03-21,0.010853177521084181
2025-03-24,0.01044441857306312
2025-03-25,-0.008594149854953135
2025-03-26,0.0001553437692162988
2025-03-27,0.011368950762112527
2025-03-28,-0.012178481503535232
2025-04-01,-0.0147320138077302
2025-04-02,0.0059977207802247925
2025-04-03,0.0044592208391274635
2025-04-04,-0.029626498315618713
2025-04-07,-0.03731092442317932
2025-04-08,0.020047395818598827
2025-04-09,0.00044214029708977936
2025-04-11,0.017547864086061973
2025-04-15,0.028894517703813835
2025-04-16,0.009493929859874507
2025-04-17,0.007650196924619893
2025-04-21,0.019768597436009006
2025-04-22,0.0019899486245687097
2025-04-23,0.008467532561965384
2025-04-24,0.00015413522761957823
2025-04-25,-0.026307658162355866
2025-04-28,0.003341101702644125
2025-04-29,0.0016952723939260455
2025-04-30,-0.0016503366258190809
2025-05-02,-0.00468857961192518
2025-05-05,0.01104923112571942
2025-05-06,-0.018233275693287178
2025-05-07,0.007524798549074598
2025-05-08,-0.018219474921684
2025-05-09,-0.005378808648825755
2025-05-12,0.029947750403318
2025-05-13,-0.0006275461888598196
2025-05-14,0.017305668017620755
2025-05-15,0.010140673514073299
2025-05-16,0.018635333746135088
2025-05-19,0.00996737393414334
2025-05-20,-0.01648870450475526
2025-05-21,0.016519873698057234
2025-05-22,-0.0007415044708387339
2025-05-23,0.0035330329194431737
2025-05-26,-0.0010891706355606696
2025-05-27,-0.00012623109507980653
2025-05-28,0.0031524005087093217
2025-05-29,-0.0035156232213598097
2025-05-30,-0.00531840897708035
2025-06-02,0.006305240737023508
2025-06-03,-0.008506378222430912
2025-06-04,0.0077027351428622295
2025-06-05,0.0066373096520861265
2025-06-06,0.00845339153783284
2025-06-09,0.007942517926522985
2025-06-10,0.0037717138076857446
2025-06-11,-0.0017364792640363587
2025-06-12,-0.021050470596828255
2025-06-13,-0.005629738049076935
2025-06-16,0.00826453655350606
2025-06-17,-0.006498098663101219
2025-06-18,-0.00810718910140301
2025-06-19,-0.018686052010568478
2025-06-20,0.009442357762050546
2025-06-23,-0.0018715592263208296
2025-06-24,0.008637956226298062
2025-06-25,0.0033648590403544338
2025-06-26,0.004221960687571519
2025-06-27,0.013622640471977024
2025-06-30,0.006857119832081727
2025-07-01,0.0013426839726415154
2025-07-02,0.003582363728621039
2025-07-03,-0.002019746784513563
2025-07-04,0.00655208785251847
2025-07-07,-0.0002600179189909746
2025-07-08,-0.00028956847613700756
2025-07-09,0.0004739223609587361
2025-07-10,-0.004216266697949618
2025-07-11,-0.005995213458009569
2025-07-14,0.0011129104982462127
2025-07-15,0.010063969616447135
2025-07-16,0.0038910199043585563
2025-07-17,0.006531320833678023
2025-07-18,-0.005902132699109984
2025-07-21,0.005586944707588055
2025-07-22,-0.004972832669091855
2025-07-23,0.005716325767868783
2025-07-24,8.771887973096026e-05
2025-07-25,-0.013778261258083867
2025-07-28,-0.005620972605419997
2025-07-29,0.008651846760489511
2025-07-30,0.003271610896965531
2025-07-31,-0.011463144920592932
2025-08-01,-0.01725692912995583
2025-08-04,0.002449299133647281
2025-08-05,-3.29172578962633e-05
2025-08-06,-0.010800086455812721
2025-08-07,-0.00017622237357896997
2025-08-08,-0.011429456037136606
2025-08-11,0.006231018183591125
2025-08-12,0.0010902367114933608
2025-08-13,0.010665813967775776
2025-08-14,0.0004537644907219631
2025-08-18,0.016944775198434223
2025-08-19,-0.0004911668795009936
2025-08-20,0.0019373493687706125
2025-08-21,-0.0008925319260346729
2025-08-22,-0.0032203170994006963
2025-08-25,-0.003162955145345544
2025-08-26,-0.013282394489600124
2025-08-28,-0.00878429860650096
2025-08-29,-0.000467069383226418
2025-09-01,0.009789147775478572
2025-09-02,0.0076489553390996995
2025-09-03,0.006338418287416227
2025-09-04,-0.004763739494634274
2025-09-05,-0.0038291314877923095
2025-09-08,0.003336432766875044
2025-09-09,0.0010971567408981117
2025-09-10,0.01070456326850771
2025-09-11,0.008168951012194649
2025-09-12,0.004630375509297737
2025-09-15,0.004221014676988273
2025-09-16,0.00679444420377682
2025-09-17,0.0020091324831750133
2025-09-18,-0.0003517077212803151
2025-09-19,0.006744657228810105
2025-09-22,-0.005037028698262668
2025-09-23,-0.002097045958096672
2025-09-24,-0.009765137237383283
2025-09-25,-0.00865930638764817
2025-09-26,-0.018065023006831105
2025-09-29,-0.0024523011882507046
2025-09-30,0.001045797984434333
2025-10-01,0.004994981451569247
2025-10-03,0.0003572137805299047
2025-10-06,-0.0035222244619148293
2025-10-07,0.004149077694849105
2025-10-08,-0.00946399519158694
2025-10-09,0.0021710788492194785
2025-10-10,0.004016737978572219
2025-10-13,-0.002150701575323471
2025-10-14,-0.005872501402438284
2025-10-15,0.006748689109331329
2025-10-16,0.00385028423800423
2025-10-17,-0.004140546139033137
2025-10-20,0.002313515850525343
2025-10-21,0.004051145968845205
2025-10-23,-0.000964545226928149
2025-10-24,-0.0033447092992497604
2025-10-27,0.0009868220177520004
2025-10-28,-0.004603243373171455
2025-10-29,-8.661825146833e-05
2025-10-30,-0.0034182413925408226
2025-10-31,-0.0004367310966531437
2025-11-03,0.012884051360014196
2025-11-04,-0.008891969080830179
2025-11-06,-0.006985316316039991
2025-11-07,-0.0024503224202543626
2025-11-10,0.002579315519210499
2025-11-11,-0.003853219896748394
2025-11-12,0.0010218448252241794
2025-11-13,0.0017590654552366424
2025-11-14,-8.286833635369278e-05
2025-11-17,0.006175172160619178
2025-11-18,-0.008775617267581472
2025-11-19,-0.0030605185762067094
2025-11-20,-0.004898732400784477
2025-11-21,-0.006213131878026178
2025-11-24,-0.010134497743542524
2025-11-25,0.003798968544848636
2025-11-26,0.008971225181866736
2025-11-27,-0.0069432353463664605
2025-11-28,-0.0003527896466094865
2025-12-01,-0.003418000481390304
2025-12-02,0.002613421567331524
2025-12-03,-0.005625290106745513
2025-12-04,-0.002943354329436299
2025-12-05,-0.0028268082032196764
2025-12-08,-0.018276713297048774
2025-12-09,0.0029702894496969733
2025-12-10,-0.002164015350913361
2025-12-11,0.0028124319905384757
2025-12-12,0.0031436265878651746
2025-12-15,-0.0008794266827795446
2025-12-16,-0.0039058908658475312
2025-12-17,-0.003553029966680241
2025-12-18,0.0024368313831335544
2025-12-19,0.0027315411071236004
2025-12-22,0.009420424755388625
2025-12-23,0.004186116688216151
2025-12-24,-0.006157065514347783
2025-12-26,0.007014496681266701
2025-12-29,-0.006105457942826542
2025-12-30,-0.0011985317503807884
2025-12-31,0.014936397033382683
2026-01-01,0.004868366535865939
2026-01-02,0.007539855419017286
2026-01-05,0.0025035800844814
2026-01-06,-0.0031088397069750054
2026-01-07,0.0029944032429194
2026-01-08,-0.014535137210106462
2026-01-09,-0.010474161742181985
2026-01-12,-0.001479947615299871
2026-01-13,-0.0027981395736572144
2026-01-14,0.00771247379913206
2026-01-15,0.0
2026-01-16,0.0006450453786289971
2026-01-19,-0.008115891848371045
2026-01-20,-0.015432966930270436
2026-01-21,-0.0007281792887100622
2026-01-22,0.01263145833212945
2026-01-23,-0.019514202919061554
2026-01-27,0.0008308775102374979
2026-01-28,0.012725759374369042
2026-01-29,0.0055946785122976215
2026-01-30,-0.0038140612497251664
2026-02-02,-0.009544825291754214
2026-02-03,0.019727433243689436
2026-02-04,0.0026175596471784707
2026-02-05,-0.0036197974461359477
2026-02-06,0.003452474573109647
2026-02-09,0.012754077916706852
2026-02-10,0.004466540861090355
2026-02-11,-0.0029910848084625536
2026-02-12,-0.010102456584834543
2026-02-13,-0.019633740974254847
2026-02-16,0.0075858816581744915
2026-02-17,0.004538671853089938
2026-02-18,0.000746159749825229
2026-02-19,-0.010503251655740335
2026-02-20,0.00030186513038212286
2026-02-23,0.004875761185032025
2026-02-24,-0.0036210175554902673
2026-02-25,0.0011600224804958288
2026-02-26,0.0001601976691609523
2026-02-27,-0.016452527704777946
2026-03-02,-0.019799685425075608
2026-03-04,-0.021115408941298677
2026-03-05,0.0005852533192519688
2026-03-06,-0.00719829610561441
2026-03-09,-0.018711152985241366
2026-03-10,0.013975848613999243
2026-03-11,-0.006536984596525685
2026-03-12,-0.0064263557643560384
2026-03-13,-0.02620706291315667
2026-03-16,-0.0035534715965712636
2026-03-17,0.0004432354085630412
2026-03-18,0.009959539819008937
2026-03-19,-0.023974962407484847
2026-03-20,0.004705457580444853
2026-03-23,-0.03222317935700242
2026-03-24,0.01271399658076738
2026-03-25,0.019927426760621064
2026-03-27,-0.021545061528454913
2026-03-30,-0.02376564621402419
2026-04-01,0.03504827757197537
2026-04-02,-0.001367361611380402
2026-04-06,0.015792186688164636
2026-04-07,-0.0018736893265214349
2026-04-08,0.04535581242814295
2026-04-09,-0.001267884078935545
2026-04-10,0.02071864560458945
2026-04-13,-0.013859633348306456
2026-04-15,0.032897294367560385
2026-04-16,0.008227780716467785
2026-04-17,0.0
2026-05-26,0.0
2026-05-27,0.0
2026-05-28,0.0
2026-05-29,0.0
2026-06-01,0.0
2026-06-02,0.0
2026-06-03,0.0
2026-06-04,0.0
